,title,video_id
0,Coinex: Complete Guide To Leveraged Crypto Trading In 2025,lHwF28kjEbk
1,Building a Blockchain in Under 15 Minutes - Programmer explains,baJYhYsHkLM
2,$300M+ cryptocurrency hacks. How they happened and what we've learned. Ivan on Tech explains.,AQXZbPsZE64
3,Programmer explains Ethereum | Future of the Internet,NgJkC3UC4c4
4,Bitcoin Hard Fork - Risk of losing Bitcoin in November?  - Programmer explains,oxCWcGHqh20
5,"Interview with Dan Larimer - EOS, Cardano, Ethereum, DPoS, Steemit, Crypto Bubble, Future of Crypto",o7HQlcl-LlQ
6,What is NANO and is it replacing Bitcoin? Programmer explains.,CrkiVcxXfI4
7,Bitcoin $11k - Grant Cardone CONFESSES about Bitcoin,rZ8EDUkPuqw
8,What is Cardano ADA? Programmer explains.,58WwbOB9POE
9,BREAKING: POLKADOT LISTING ON STOCK EXCHANGE!!!! Billions Flowing into $DOT,Y9SYOP75uzE
10,"BITCOIN 100K SONG üé∂ü™òüéß @IvanOnTech ft Donald Trump, Michael Saylor, Gary Gensler, Vitalik  et al",MnRLk5jQC2M
11,CRYPTO EXIT PLAN 2021 [INSTITUTIONAL STRATEGY] -  Amadeo Brands and Ivan on Tech,2hEBC1zttPk
12,"RICHARD HEART: BITCOIN $10,000 NEXT and FORKING ETH!!",LuQ8n5l6maE
13,"MILLIONAIRE SHOWS HIS $1,000,000 NEW BITCOIN TRADE! [Watch Before Sunday] MMCrypto and Ivan on Tech",Xn0v7kRfFzc
14,BREAKING: BITBOY IS BACK AND EXPLAINS EVERYTHING!!! this story is insane...,E1npNmT0wYo
15,Ethereum Flash Crash - $317 to $0.1 on GDAX - Programmer explains,CcPqkIz0CR0
16,Top 10 NFT Games August 2021!!! For Profit and Fun! [ft @CAGYJAN],0OYJS-GcF7k
17,Dog Eats Food in 0.5 seconds - Golden Retriever Dima,SbNoJVH8YMQ
18,INDIA BANNING BITCOIN 2021!!!! [URGENT MESSAGE],SZ1JgO9u3W4
19,Crypto Bubble 2018? Programmer explains.,2AQMl9wBcIw
20,Will ETHEREUM Keep Falling? Programmer explains.,IUD36K1QBfQ
21,"DCA: BITCOIN FALLS VERY FAST!!! WILL $39,000 SUPPORT HOLD...",aREHksxocEw
22,Programmer explains Ethereum Casper PoS | Future of Ethereum,G-ijnQubg3w
23,DCA: BITCOIN LIFTOFF WEN??? URGENT,9i3Fm2V06Bw
24,DCA: BITCOIN ATH VERY VERY SOON...,ZKkx4WtFCAo
25,DIRT CHEAP EXPLOSIVE ALTCOINS THAT WILL MAKE US RICH!!!!! (I AM BUYING),oYeRAG2gTB0
26,"Kim Dotcom - Bitcoin, Megaupload Story, Extradition, Freedom, K.im",KYUryOZath8
27,Bootstrap a Blockchain career | Programmer explains,h6fslJuaWNc
28,BREAKING: BITBOY ARRESTED AND JAILED!!! (he tried getting the lambo back),wNuUOfCD-t0
29,BITCOIN: SHOCKING TURN OF EVENTS!!!!!!! (jerome),-hRLM59O138
30,Websites mining using your CPU - Building our own - Programmer explains,54h9cbryzpo
31,How to write smart contracts on Ethereum - Programmer explains,ZDAuELguhQQ
32,IOTA vs MIT - A deep dive - Programmer explains,QsdZVnq4G60
33,IOTA and Machine to Machine Economy | Programmer explains,C_Y4KykzCaI
34,CRYPTO EXIT PLAN 2025-2026 [INSTITUTIONAL STRATEGY] - Amadeo Brands and Ivan on Tech,LKxKgEhkZO8
35,"CHEAP AND DIRTY AI MICROCAPS THAT CAN MAKE YOU MILLIONS!!!! (high risk, high reward) ft @TomNifty",MZxWSk-Zp_0
36,BITCOIN: CYCLE PEAK HAPPENING RIGHT NOW!!!? wtf is happening...,lixkqK505Vo
37,BITCOIN: CALM BEFORE THE STORM!!!! (china frontrunning US reserve),zQhBl32ntVU
38,BITCOIN: FED PIVOTED HARD!!!!!! (urgent),S9A9esMqxUA
39,ALTCOINS ARE MINTING MILLIONAIRES RIGHT NOW!!!!! (watch fast),P_hvcK-h5uM
40,BREAKING: BITBOY STORY JUST GOT VERY DIRTY‚Ä¶ (don't know what to believe anymore),jxvkFQrS2XI
41,DEFI LIQUIDITY POOLS (PROFIT AND DANGER EXPLAINED) - Amadeo Brands and Ivan on Tech,uKH1HVUuYYo
42,Web3 Development 2021 - Ivan on Tech Presentation,DvHntOXbWHQ
43,How to Build a Crypto Game Quickly - CocosBCX Tutorial (Part 1),ZvHf0X0t8k8
44,I AM BUYING BITCOIN AND ALTCOINS RIGHT NOW!!!!,x7Bnrd-RNzA
45,DEFI CRUSHING BANKS!! Trillion Dollar Wealth Redistribution... Amadeo Brands and Ivan on Tech,aBggxyfdN9E
46,How to create your OWN coin  in 15 minutes - Programmer explains,HRnDfYHR3n0
47,What is Holochain and is it replacing Ethereum? Programmer explains.,TY1rx0ZiKbE
48,HOW TO GET FILTHY RICH WITH ERC404 TODAY!!!! (micro cap high risk high reward stuff) - @TomNifty,JH5q3hTmwRA
49,Ethereum or Bitcoin career? - How to get a job in blockchain (Very Practical) - Programmer explains,RxZvfDhLi_w
50,BITCOIN: MAJOR CHANGE IN THE MARKET!!!!!!!!!!!!!!!  üö®,Ozw-BVclpfQ
51,Ledger Nano S Unboxing - Programmer explains,7eS-WKUDtvg
52,BITCOIN: ALTCOINS ARE GETTING REKT SO FAST.... (wtf is happening),sP9rKCjq7JI
53,BITCOIN: THIS WEEK WILL CHANGE EVERYTHING!!!,_3uAMIt55nc
54,"BITCOIN: GAME JUST CHANGED!!! (CPI, TRUMP, POWELL)",NA_ijc5YcPE
55,"DCA: THE RETURN OF THE PUMP!! BITCOIN, ALTCOINS - FINALLY!",z78OjP4WYs4
56,BITCOIN: THEY WILL PRINT!!!!!! (powell),IGGPSnUZuRI
57,BITCOIN: GOD CANDLE AND GLOBAL FOMO‚ÄºÔ∏è‚ÄºÔ∏è‚ÄºÔ∏è,GbYkUbD2Sw4
58,DCA: BLACKROCK JUST STARTED BUYING BITCOIN MINERS!!! (wtf is happening),30V0QH8WTV0
59,BITCON: WEN BIG FAT GAINS!!!!?? (cycle analysis),wruzEzPbUUU
60,"BITCOIN AND ALTCOINS ARE READY TO SNAP!!! (SUI, SOL, ADA, ETH)",U0Uv_yIjQzo
61,BITCOIN: IT IS HAPPENING üö®üö®üö®üö®,icSrcsYZYvE
62,"Bitcoin to $64k in August? Problematic No-Coiners, Tezos Launch, Crypto-Colonialism, Pineapple Fund",G_59f-VLATM
63,"This Week in Crypto #6 - Dr Julian Hosp, Crypto Bubble, BTC Scaling, Ripple, Blockchain 3.0",RlzrsZedOV8
64,BITCOIN: BANANA ZONE NEXT!!!!,xzR6mSH2EAY
65,BREAKING: BINANCE DUMPING ALL BITCOIN!!!!,dJZnxrSNIRY
66,Will Bitcoin Keep Falling? Programmer explains.,T6NTzu2pFOc
67,BITCOIN: NASTY REJECTION DOUBLE TOP‚ÄºÔ∏è‚ÄºÔ∏è‚ÄºÔ∏è‚ÄºÔ∏è‚ÄºÔ∏è‚ÄºÔ∏è (not so fast),zyGzeGNllOE
68,What happens to your coins in a hardfork? Programmer explains.,DQufcp3pwu8
69,BITCOIN: SCARY TIMES!!!! üö®üö®üö®üö®üö®,0ocYyvggdkY
70,BITCOIN: BIGGEST MOVE OF THE CENTURY 2025!!!!! üö®,KlJhB29-Ni0
71,"Bitcoin to $1M? HODLING is Crap, Mining Tax, Cryptojacking, Iceland, Ethereum and Bitcoin stats",sZ2gDWRnHyA
72,BITCOIN: ALERT TO ALL HOLDERS‚ÄºÔ∏è‚ÄºÔ∏è‚ÄºÔ∏è,hjlxQX0xZTQ
73,BITCOIN: HOLY SH*T IT IS BREAKING OUT NOOW!!!!!,NQX-hBF11sU
74,BITCOIN: REJECTED WTF!!!!!!!!,WDwcuQlp4q4
75,Programmer explains Bitcoin Cash - Practical tips,IGhqslEwuOI
76,BITCOIN: THE MARKET WILL EXPLODE THIS WEEK!!!!!!! (urgent),E63DTJiI6HU
77,BITCOIN: GOD CANDLE LOADING!!!!,rMJSU9bjQEE
78,BITCOIN AND ALTCOINS: CALM BEFORE THE STORM‚ÄºÔ∏è‚ÄºÔ∏è üå™Ô∏è,q5Z7dZbc-fo
79,"Roger Ver Interview - Bitcoin, Hate, Jesus to Judas? Forks, Future",F3zJFJZc4Go
80,BITCOIN: TRUMP IS INSAAANE!!!!!!! üíÄü™¶ (we are cooked),G9y9jfj-ZYk
81,Ethereum Crashing and Ice Age - Programmer explains,y9e9sSJbVp8
82,This project has interesting tech üëÄ,iNwMSJza4Wc
83,BITCOIN HYSTERIA üò≥ Global FOMO - China Pump Explained... Programmer explains,yuyWe07Nk0M
84,EOS Better than Ethereum? Programmer explains.,_z6Amcm0X-s
85,BITCOIN: GLOBAL FOMO STARTING!!!!!,_t1v0Tv84P0
86,"DCA LIVE: BITCOIN CALM BEFORE THE STORM!! Next Pump, Bitcoin, Altcoins, Macro",t_3M9NJ9zPA
87,Coding Blockchain MMORPG Game [Runescape Tibia Clone] - Moralis Web3 Programming,ZiLeVVeo19I
88,"IOTA BIG INTERVIEW 2021 - Past Failures, Latest Developments, Future Plan - Hans Moog",jIghp3MnXIg
89,BITCOIN: SPRING IS LOADING!!!!,z9gP6c0rA14
90,BITCOIN $14K TODAY?! 2019-2023 TARGETS üéØ VeChain ($VET) + Walmart HUGE NEWS + Code Review,f41aoP5lzZE
91,BITCOIN: CALM BEFORE THE STORM!!!,5nYg9VNpGtI
92,NFT GOLD MINE... AXIE INFINITY SPEAKS OUT!! Listen for free alpha...,27ZHnbkDKWI
93,BITCOIN $100K BUBBLE üò≥ Banking Collapse 2020? Ethereum Code Review,2jZyypoq1Rc
94,üö® BITCOIN $5K RALLY! BUY NOW - OR WAIT FOR DUMP? Programmer explains,4Ik9PihvMr0
95,LIGHTNING NETWORK 2019 - BIGGEST SCAM? Confessing...,697nTVWdokc
96,Are 12-word Seeds for Bitcoin Private Keys Secure? Programmer explains,It6igBdMY-I
97,ROCKEFELLER?! RIP Poland,ya4LUxE64_U
98,"BITCOIN 42% EXPLOSION!! $16000 NEXT?! üò≤ China, Bakkt, Libra",ybmX6AeXin0
99,üò± DANGERS OF BITCOIN RALLY - ALL HODLERS NEED TO KNOW THIS...,JLSZB4LvVxc
100,"BITCOIN DOOMED?! LIBRA LAUNCH üö® TX/s, Smart Contracts, Privacy, Move Language, Calibra wallet",9Zps3SSx4cQ
101,üò± DANGERS OF BITCOIN RALLY - ALL HODLERS NEED TO KNOW THIS...,JLSZB4LvVxc
102,"BITCOIN DOOMED?! LIBRA LAUNCH üö® TX/s, Smart Contracts, Privacy, Move Language, Calibra wallet",9Zps3SSx4cQ
103,EU TANKING BITCOIN? Programmer explains.,Di8ptkCU4tc
104,What is inside a Bitcoin block? Programmer explains.,qLM-UC_eqIY
105,What's happening to Bitcoin Gold? - GitHub - Programmer explains,uygl-zefhw4
106,"DCA LIVE: Bitcoin Next Leg Up, Altcoins Holding Up Strongly, FED Rate Cuts Soon",bBjZUe56biU
107,Programmer explains   madness - Dangers and Bubbles in Cryptocurrency,BmszN-3DOgc
108,BREAKING: BINANCE KYC HACKED??!!! üò≥ MASSIVE HACK / IDs Posted Online... Programmer explains,Qc46Fy-esr8
109,BITCOIN: DUMP THEN BIBLICAL PAMP!!!!!,yASN9uoZgqA
110,POLYGON 2.0 WILL CHANGE CRYPTO AS WE KNOW IT... Sandeep Nailwal Co-Founder of Polygon Interview,oVV7poE44tg
111,Does PoS EVEN WORK? Programmer explains.,d2bHXZX_POc
112,BIG SHORT: NEXT MARKET BUBBLE üò≥ BITCOIN SAFE HAVEN!!,-LC-bwQPRIs
113,üö® BITCOIN BULL MARKET 2019? üìà CARDANO BIG NEWS (Code review),yLHOxGDKP8g
114,"Bitcoin $10k, Suppoman, Never Trust Market Cap, EU Battle",yWfS-Zgvg2w
115,Will Crypto Keep Crashing?! Programmer explains.,UWpjQMDVGUY
116,"DAVINCIJ15: BITCOIN $48,000 NEXT THEN PULL-BACK (also altcoin prediction)",XTo075iJ9HM
117,What is Moonbeam? Ethereum Smart Contracts on Polkadot - Derek Yoo Interview,iE-zlbaS4a8
118,Blockchain Programming Languages 2021 - Ivan on Tech Explains,2hMUdOgU01E
119,BITCOIN TAX FREE??!! üò≥ HUGE RALLY! Binance X Launch,GCemwUdNQuk
120,$40 TRILLION PREDICTED Market Cap ?!,4I3gvCJgJT0
121,Vitalik Recruits OBAMA?! Leaves Ethereum?,iXMzbMjy4Ng
122,EOS worth MORE THAN SpaceX?,AXJWo5gLvuA
123,üò± ETHEREUM 2019 - INSANE NEWS üö® EY Ethereum Integration,B1SMq_sRkU0
124,"ETH to $2500 in 2018?! AMA - EOS, TA, Taxes, Drama",Caa_AcXXu8U
125,Programmer explains Stratis - Blockchain for the industry,IZsUhnbT9B8
126,üéØ BITCOIN ULTIMATE TRIAL - Recession 2020 üö® ft The Moon + MMCrypto,GDKH6IKLm0Y
127,BITCOIN $380K END GAME!! üò≥ BINANCE LIBRA FORK? - Programmer Explains,SgU7Ynh4Qlw
128,Bitcoin is The Greatest SCAM in History?,REmKL_ejBho
129,EOS Final Vote?! LIVE from BP Meeting,xvk5UIyG0YE
130,Google AGAINST Crypto?,jAcuvA6tOwk
131,WHAT'S HAPPENING TO Bitcoin?! üî• Satoshi Early Code Found - Programmer explains,u2ZwcVXJF-s
132,"Binance MOONS, Winklevoss Proposal",PaxAIlL9Ji4
133,WTF Bitcoin?! BULLS are BACK?,Jp08AWfD-WQ
134,"Ethereum Civil War,   Fail Rate, Bank of America",Z3dfUrv6Jmc
135,Why is EOS Launch All Drama? Block Producer Interview,M0LLSp4rrME
136,"BITCOIN $13K TODAY?!! üòç ETH $1K Possible? Tech Overview - dydx, uniswap, ganache, drizzle",K84VRHOmY3s
137,üõë BITMEX COLLAPSE IMMINENT?!?! (3 RED FLAGS) üéØ Bitcoin $55K TARGET (CNBC),r9JZww568oA
138,Altcoins BOOM? Bitcoin Child Abuse,O8Wn82ZVQQ4
139,BITCOIN: DONT MESS THIS UP!!!! (100K CELEBRATION üéâ),jmVTNg4cuRY
140,"BITCOIN DUMPING ATM!! üõë Ponzi Cashing Out, Ethereum January Fork",VCjdQSybAjY
141,EOS 'Epic' Vulnerability? Programmer Explains.,37H1PJMoN3M
142,Crypto SUICIDES?! DNA on the Blockchain,ovXknm72vKQ
143,Bitcoin Manipulation Confirmed? Programmer explains.,dvZBnodEsDY
144,"üö® BITCOIN $11,000 NEXT? ü§û Stock Market Crash, Whale Dump Recovery, BITMEX Manipulation",uDOaR-a61MM
145,Programmer explains EOS - DPoS and Negatives - Part 2,lX98HiuK3tQ
146,"SegWit on FIRE üî• ETH ASICS, Vitalik  , Lisk Rebranding,  Petro",PNZXFyAhcxk
147,BITCOIN WHALES BUYING?! (New Report) üò≥ XRP STOCK TRADING - Programmer Explains,iHZVoFCVYX0
148,Ethereum CAPPED?! Lambos Are STUPID,xaAFNGtGD9Y
149,"Kim Dotcom: BUY BITCOIN, Sweden E-Krona",kePhyClKtU0
150,"BITCOIN $20,000 Already 2020!!? üî¥ 3 Key Factors / Programmer explains.",5_cY4VnZkZw
151,"BITCOIN $20,000 Already 2020!!? üî¥ 3 Key Factors / Programmer explains.",5_cY4VnZkZw
152,"BITCOIN DESTROYING STOCKS!! üò≥ Global Safe Haven, FedNow vs XRP - Programmer explains",UqHgR0bNAbM
153,Binance CRIMINAL INVESTIGATION?!,AfZFWKdZJyw
154,How ICOs are Crashing ETH Price - Programmer explains,d-6RGJ8H29g
155,Bitcoin Crash 2018 - Slow Bleed? Programmer explains.,qvG655Kls7Q
156,"Crypto 2019 üí• Most VITAL Technology (DEXes), Ledger Nano S Giveaway",rcCBSWppf5w
157,ECONOMY COLLAPSING??! üõë $4.1 Trillion New Debt - BITCOIN SOLUTION,i7pmLd-Qd34
158,"üõë Bitcoin FREEFALL?! üõë Congress Libra BAN, CoinJoin, Pensions - Programmer explains",yDYk62j6Xd8
159,What is happening to NEM? - NEM on GitHub - Programmer explains,0G9065rC7ss
160,WILL Bitcoin BOUNCE?! BUY THE DIP? ü§û Manipulation Exposed! REPO MARKET COLLAPSE,B7EKvLdfX-0
161,Bitcoin to $64000?! Fundstrat Analysis,ksfqcqaggPc
162,CZ: ZERO to BILLION VALUATION (Practical Tips) üî¥ Keynote from Singapore,MlVl1pjWZ9I
163,"This Week in Crypto #5 - QTUM, RaiBlocks, Tron, Crypto Cards Issues, Russia, EU regulations",fFTCfuPz8-k
164,"BITCOIN $11,000 - PARABOLIC MOVE STARTING üòçüòÖ Altcoin Analysis - Fundamentals",4-i23VtMbvo
165,4 THINGS EVERY PROGRAMMER SHOULD KNOW,E8e5T11RW9c
166,0.1% OWN 62% Of All BITCOIN - Programmer explains,FIO87ZR3aQ4
167,BITCOIN BIG MOVE AHEAD üö® SEC ETF NEWS - Do not lose money,Bcy3jx0LcDY
168,HONG KONG ATMs EMPTY!! üò≥ BUY Bitcoin AND GOLD! India Bank Problem...,rzM7RMlaRTA
169,"BITCOIN $250K NEXT ATH!!! üõë XRP $1.2 Billion Dumped, Ripple IPO - Programmer explains",wbzLeD4Cc6Q
170,"Monero vs ASICS, Tether Warning, BitGrail suspicion, Bitconnect and OneCoin, Network stats",YHHOaYKsQ2k
171,BAKKT PUMP OR DUMP 2019?! üò≥ Bitcoin and Ethereum 2019 Outlook,224vuIRRL1U
172,BITCOIN $10K - ITALY EXITS EURO?! Crypto can't fail... üòç Google + Chainlink ($LINK),aBD1eAgQZug
173,"$100,000 BITCOIN POSSIBLE 2020? Programmer explains",tN5P68fcAVQ
174,"BITCOIN SUPER FOMO!?! üö® 8th Largest Currency, Quadriga HUGE NEWS, Ethereum 2.0 January release",OGwiiZE-iyc
175,Could the US Ban Bitcoin 2020?üß® Binance $186 Million Q3 Profit,VV9j552LdjY
176,ETHEREUM *HARD FORK* COMING!,ttxY924ySxw
177,"BINANCE Rumors, CRYPTO Interest DOWN",Dn_v6ViRidU
178,Ledger Wallet HACKED? $10k BTC Challenge,D-_srIJn_6A
179,WILL BITCOIN KEEP CRASHING? üò≥ November 2018,TmcN7rMiG3w
180,"Bitcoin Price, Tech, YouTube, Tokens ft Crypto Zombie",jr2Np-AZeRs
181,IMF NEGATIVE RATES MADNESS,67ecTFBV9Ms
182,Ethereum Killer App - Programmer explains,UckA1odrn4U
183,ARGENTINA DEFAULTS??! üò≥ BUY BITCOIN!! Humanitarian Disaster...,zIBLL57JjcU
184,*BITCOIN 2018* BEAR IS DYING?,uncwfZjYgCE
185,"BINANCE KYC EXTORTION, Hack explained üò≥ Gold, Bitcoin, Stocks - Programmer explains",Hcc9g16m9tc
186,"BELOW $10K - WILL BITCOIN RECOVER?! üö® G20 Big News, Bitcoin vs Ethereum 2019, FATF Crypto Guidance",4dO0Psyyt8s
187,FED STARTED QE AGAIN! üò≥  Ethereum 2.0 and EOS 2.0 Soon,TAe8xfRs4YQ
188,"Bitcoin BREAKOUT NEXT?! üéØ Google Bank Launch, Ethereum Istanbul, Mining",CTAoMiCeN7Q
189,Vitalik TROLLS?! George Soros HODL,9QhvN8gEJ0Q
190,PRIVACY COINS FOR DUMMIES - Programmers explain,zAoenD9DXs4
191,"Poloniex EXIT! Steve Wozniak Scammed, Liberland Crypto",6A0hfCMOS-E
192,Programmer explains BAT - Basic Attention Token - Attention Economy on Ethereum,J_ASrZgY_7M
193,RUSSIA & INDIA DUMP DOLLAR üò≥ Bitcoin Standard?,lny7nsMDktc
194,WINKLEVOSS: BITCOIN AT A TIPPING POINT - BULLS INCOMING? üî•üöÄ,wEj-MO3C-qE
195,What is happening to Bitcoin? - Bitcoin on GitHub - Programmer explains,7bpCgPY-Vus
196,EURO COLLAPSE?! QE MADNESS üõë BUY BITCOIN!! Only the beginning...,DOt9yGKbFoA
197,BITCOIN HODLERS 2019: WATCH OUT FOR WINRAR! Programmer explains,2IX_oktbNbk
198,BITCOIN $5000 LAST DUMP?! üõë Halving Calculation - Programmer Explains,2OeUaSvz4T8
199,BITCOIN $100K TARGET üéØ Matic -70% DUMP / TRON Buys STEEMIT?!,s5iXO4-G8qo
200,FUTURE?! NO MORE 100x ?,GxBWOoWek-Q
201,WILL BITCOIN CASH SURVIVE? üí• Fork Aftermath,dkghaMmrXlo
202,"$100,000 BITCOIN: FUSING 5G AND CRYPTO",O-M8nKsZky8
203,FIVE HOT ALTCOINS THAT EITHER 100X OR GO TO ZERO!!! (Degen YOLO with Phil),QZQIt9ONwSk
204,Ethereum Code on GitHub - Programmer explains,lxQ4tX4PkK8
205,"Ivan on Tech talks Bull Market, Facebook Coin, Negative Adoption, Youtube, ETF",STot5x3Vi2Y
206,"Crypto Fiat takeover 2030? Litecoin vs Nano, 500 BTC confiscated",aFJiNO5zzhE
207,EOS Launch DELAYED? Programmer explains.,aBc4EtmVh5M
208,"üö® BITCOIN $6,000 RALLY? üò± LIGHTNING NETWORK + AMAZON CONFIRMED",m41hG82lFpA
209,"BITCOIN PRICE *$50,000* 2018 - BITMEX CEO",EV3K4taQdLg
210,"*NEW* Ethereum ERC1155, Jack Ma Bitcoin Bash",VwiNhLSuG7A
211,"DATADASH GOING WILD!!!! Interview about Crypto, Defi, Wallets, Price - PART 1",IASrqu-RwFw
212,Why Everyone Is Freaking Out About This Bitcoin Cash Bug (2018),oiNm7ZilryE
213,Wozniak - Bitcoin has Great Future?,VhoVbVYJF74
214,"üî¥ BITCOIN RUSH - Evolution of Capitalism, Buy 32 ETH - Programmer explains",r254LrENfIU
215,ETHEREUM 2019 - NO PROGRESS?! Programmer explains,yibgLN5Md6g
216,"Dogethereum, Bank Propaganda, Crypto vs Blockchain, Miner Radiation",X2XMPN0k9T8
217,Ethereum HACKED?! ERC20 BUG Explained,sqcN8WS61CI
218,"Bitcoin Price 2018, Binance Hacked? Bitconnect LAWSUIT, ECB hates crypto? Wall Street Ethereum",PL-pqC92Hog
219,"Bitcoin $7,720 FLASH CRASH on Deribit?? üî• Be cautious - What happened?",e54Y-6AiEaE
220,üò± BITCOIN PUMP: PewDiePie Enters Crypto üìà FOMO NOW?,OZMRJGws7ik
221,CHILE ATMs EMPTY!! üò≥ Lebanon Banks Closed - Mayor Human Tragedies...,LQwhCD4ArZ8
222,"Bitcoin vs Bitcoin, Pump and Dump, No Crypto for Musk, Russia New Crypto Hub?",R_cic2ld03E
223,FED CUTS RATES - BITCOIN ROCKET FUEL!! üî• IMPORTANT EVENTS...,9Y9dnFRB2JY
224,Bitcoin Programming for Noobs - Programmer explains,BRgpf97h0eI
225,MAJOR: INSANE LIGHTNING NETWORK UPDATE ‚ö°Ô∏èüî• Programmer explains,KvZ5T5hBQfc
226,COINBASE?! India FUD,yqmSYauwg7o
227,Bitcoin Influencers are EMBARRASSING? 184 Billion Bitcoin Bug (not clickbait),nwVx8XV1s_c
228,üö®BITCOIN PRICE END OF 2019 üìà Anatoly Radchenko Interview,ZuECrhvM-dM
229,BULLISH: MAJOR LIGHTNING NEWS?! ‚ö° Programmer explains,EkdvYtkA1ps
230,Bitcoin TRILLION Marketcap - Bullshit? üß® Stock to Flow Weakness and Strength,aaBrE8Is9g0
231,Bitcoin Mining Crisis? Programmer explains.,HLP69Hy2NaE
232,"ETHEREUM WARS - ERC777, ERC820, ERC20 Explained",FZaalIQAfIw
233,"Bitcoin Price, Android Malware, Richest People in Crypto, GitHub and Network - Programmer explains",3Z7F6yqZarY
234,NOVOGRATZ: BULL MARKET SOON - 6 BANKS LAUNCH OWN COINS,HaDH5pvZtiM
235,Bitcoin ROCKET FUEL üî• FED CUTS AGAIN!! China Bans FUD,eVR5w0f4gXQ
236,"Bitcoin for ADULTS, Starbucks Coin, Goldman Sachs at RISK",MMQCLo-bKeA
237,Ethereum vs Ethereum Classic | Programmer explains.,wKPaGG6mgBw
238,"Bitcoin to $500,000, Vitalik comments ETF",E8hW50q9ZlI
239,Question: At 35 Am I Too Old to Start Programming? AMA Programming,ZBANiUqjcH0
240,BITCOIN INSANE BATTLE üß® Platforms vs Protocols - Programmer explains,o2U9-laDzyo
241,CRYPTO 2019 üî• Predictions and Expectations...,6JVB0r2yx2c
242,FED YELLS RECESSION?! üò≥ BITCOIN GLOBAL HEDGE!!,f90a5G-PPHU
243,"BTC Dominance, JPMorgan vs Crypto, Marshall Islands, Bitcoin ATMs",mmrQHsDSlm0
244,"Bitcoin mass adoption, Blockchain killing jobs, Crypto Community - Programmer explains",kzutxrb2qXs
245,NEW *EXIT* SCAM? Detecting mining scams.,lJEAZvUoLq4
246,What are NFTs (Non-Fungible Tokens)? + Next Bull Run,lG4f5O08Tx8
247,"TRUMP ATTACKS FED!! üò≥ BITCOIN BULLISH, ECB HUGE NEWS",cx4effItWLc
248,"BITCOIN ETF APPROVED??! üò≥ RALLY AHEAD? VanEck Truth, Norwegian Exchange",ixXtZa6vL_o
249,ETHEREUM BELOW $100 in 2018? Programmer explains.,gyxZ1FIPhNo
250,Crypto Finally Used for SUPPLY CHAIN? ORACLE + OriginTrail Visit,MjjXawJeN0I
251,TOP 5 CHALLENGES Crypto Has to Overcome,u50CYMTQP_g
252,"Bitcoin *LARGEST BULL* Coming? Etherscan ""Hack"" Explained",YE-DjwFqzSI
253,Stock Market Crash 2019? Bitcoin Effect,gHhomqTjGhU
254,BITCOIN BIGGER THAN PAYPAL??!! üõë CHINA WORLD CURRENCY 2019?,N0ERPq0LtM0
255,WARNING! ALL COINBASE DATA SOLD?! Programmer explains,yJmtfMbesT4
256,BINANCE IS MOVING! + AMA,Pu22qgwoAw4
257,Bitcoin Useless? Celebrity   SCAM üò±,bewNCABJk9E
258,What is happening to Dan Larimer? Github - Programmer explains.,ftKJI0akJkI
259,Blockchain GAMING? Yumerium,1m9c8ILoq5w
260,"üö® BIG: EOS 2.0 SOON üò≥ Facebook Killer, WebAssembly, WebAuthn - Programmer explains",Ax6MT6GDb4Q
261,CRYPTO INFLUENCER SCAM - BEWARE! Programmer explains.,RI4n6tQims4
262,"Bitcoin Stagnation, Private Fork, Taxes, Ethereum stats",_tHTWm7WyjY
263,What is Lisk? Max Kordek Exclusive Interview,G4zc41v1JWU
264,Ethereum is THE BEST - says Chinese Government?,6LzW72w-1Hc
265,Bitcoin vs $7.5B Github Deal? Programmer explains.,v40SiGTXCJY
266,"IVAN GONE?! AMA - ERC20 code, Selfish Mining, Lightning Network",9dPeMXr23i4
267,"$1,000,000 to get LISTED? Programmer explains.",sPTbadSR1Og
268,BITCOIN BULL MATH - Shorting and Percentages,GXXsjNTb0ME
269,Google MAPPING Bitcoin and Ethereum? Programmer explains.,2IkJBNhsXNY
270,Bitcoin SURGE!! BULLS BACK?!  üìà BIG TETHER LAWSUIT EXPLAINED,SPiOGFWjDDo
271,üö® ELON LOVES ETHEREUM? üìà Ethereum 2.0 Code Review - Programmer explains,xNj7GBSf1WU
272,"BITCOIN $10k BOUNCE?? üî¥ 4 Year Cycle - China, Pain and Risk",jY0HF3uvEM0
273,Bitcoin investing dangerous? - Importance of Knowledge - Programmer explains,QJcXsF5fZRo
274,üö® BULL MARKET HUGE SIGNS üí• SAMSUNG COIN 2019?,ZVtMDlwFI_0
275,Bitcoin CORE is the Correct Name? Hard Core Truth,1GQPc3BtiJ8
276,Bitcoin Price 2019 üö® BULLISH SCENARIO,dmI5J0qAfCY
277,BITCOIN PRICE PREDICTIONS 2020 ft The Moon and MMCrypo,vHjQxt446Sw
278,"ZILLIQA GAME PROGRAMMING TUTORIAL - Development, Scilla Programming, Scilla Part 3",zEX_-8ZlMe4
279,"This Week in Crypto #4 - Ripple, Blockchain 3.0, Cardano, 2018, Lightning Network",4-5bexctkMM
280,What is Ethereum .LUXE? Programmer Explains.,k8ccNdUgETI
281,MyEtherWallet HACK?! DNS Poisoning Explained,zTRKRvVOhyY
282,"BITCOIN A *BUY* UNDER 5K? +AMA ICOs, Shilling, Decentralization, Blocking",ixxklsyAhNE
283,Why is Segwit so important for Bitcoin Lightning Network? Programmer explains.,WlfRLFz-7wc
284,üö® GLOBAL BITCOIN FOMO 2019 ‚ö°Ô∏è LIGHTNING NEW MILESTONE,asVVOdjaxPg
285,$20 TRILLION MARKET CAP? QTUM Partnership,aWQKSGkNA88
286,"BITCOIN HAS NO COINS!! Transactions, Wallets and UTXOs (explained by Programmer)",XDHtSwwssyM
287,WHY IS BITCOIN STUCK?! üò≥ Bitcoin Transaction Tracking - Programmer explains,_5EwgxlMGkY
288,Ivan Wears LIPSTICK and MAKE UP?! Exposed!,7_O0g04a0fI
289,üí• IMPORTANT: CRYPTO GAME TREND 2019 üìà DO NOT MISS COCOS-BCX INTERVIEW,h6NwKbdS0gM
290,BITCOIN vs DIGIBYTE - Josiah Interview,t4fT5USm5lk
291,*STOP CREATING MONEY* BIS CRYPTO OUTRAGE,cGsQjPPI4EI
292,$400K Tax Debt from $100K Profit - BE CAREFUL!,BK1z1ztQeEY
293,üî• ETHEREUM and BITCOIN CASH Integration - Programmer Explains üö® Thorchain Interview,90V98oLNb6M
294,"DEFI PRIVACY IS HERE!! Secret Network, Allowing New Use-Cases, Pushing Crypto Ahead, Deep Interview",rvkMPcMK_7A
295,Viral BITCOIN SCAM 2018/2019! Programmer explains.,kCkliWIYFUw
296,"Defi Course - Flash Loans, Uniswap, MakerDAO, Defi Arbitrage, Aave, Yield Hacking",Rhm2AY8mhIY
297,The Worst   of 2018? Programmer explains Envion.,QfWdSgnYyR8
298,"Bitcoin BOUNCE IMMINENT?! üß® FED REPO Crisis, Korea Update",XR34BndUHM8
299,BITCOIN PRICE *GOES VERTICAL*,n0e-uYnZbRA
300,Interview with Tor Bair from Secret Network - Private Smart Contracts,YxOUEpGZZbE
301,The Great Reset Is Literally Happening Now,ETK9qvd9EQ4
302,This Hidden Signal Shows Why Altcoins Will Boom,aY6ztDXqjd0
303,BITCOIN EXPLODES! NOW WHAT?,vNSb7dUNeQg
304,Must See Bitcoin Charts [This Is Insane],ZjsY6KqherE
305,Bitcoin & Crypto Major Retest Warning,R8BieoYbxos
306,Bitcoin: How Much Can You Realistically Make If You Buy Now,5sM2-zZq-Yo
307,Is This Crypto Cycle Really Different?,k7j75yKgCo4
308,BIG WEEK FOR BITCOIN [Prepare],i-cR308IpAg
309,Bitcoin Is NOT About to Top!! Here's 10 Reasons Why.,S87OC4JEtY8
310,Meme Coins Broke Crypto (Here is Why),SqwaQx_J5G4
311,Ethereum 2025 Price Prediction,2hgiA4JZ8l8
312,ETHEREUM IS STUCK! [ETH Trade Update],6DCidjgATLI
313,SOLANA BULLISH PENNANT PRICE TARGETS [Memecoin trade updates],OXBZ5JNMWgk
314,2025‚Äôs Best Bitcoin Wallet Revealed - Bitkey Review,BHyEqffp_5I
315,Pay Attention - Bitcoin Just Entered The Thrill Phase,_fsX6neXCSQ
316,ETHEREUM REJECTED AGAIN!!!,d4WYNhEW5ZM
317,Bitcoin & Crypto Holders!!! Something Shocking Is Happening,2bYQkqwvHZU
318,Relay Makes Bridging A Breeze,07I0zYLpyPs
319,Pay Attention! A Massive Bitcoin Supply Shock Will Send Its Price To Infinity,g2kp3E5LH5M
320,"If You Think We're Never Gonna See An Altseason, Watch This",akq-Z_udH5k
321,How to Ride the Next Memecoin Wave to 100x,U21KQM-jqjM
322,WATCH OUT!! What The WEF Is Planning!! How To RESIST!?,6o02uGWuMD0
323,Watch These Cryptos in 2024!! Next 100x Gems ALERT!,XD6KSZNTpt4
324,Start of Crypto WINTER?! What You NEED To Know!!,xuAEfdv_BeM
325,FTX Insolvent?! Craziest Week in Crypto EVER!! The Latest!!,WgJbWZpRWyo
326,Central Banks BUYING Bitcoin?! The Clearest Sign Yet!,zLCv5fT7QlA
327,CBDC Report You HAVE To See! The Tables Are Turning,PDui3ReLeTE
328,TOP Staking Coins in 2022!! The MOST Potential! ü§ë,hm7jiV5dXcE
329,Bitcoin To $100k: Possible or is This Model Wrong?? ü§î,jfjjWAmGks4
330,"Crypto News: BTC CRASH, Crypto.com Hack, CBDCs, NFTs & MORE!!",pmcpgX1F7hs
331,Crypto in 2023: Institutional Report You NEED To See!!,3ZPlYulV4fs
332,Latest BITCOIN BANS!! Potential Price Impact?? üò®,KGs9ZATMnCw
333,Crypto.com: What's Goin On With CRO!? Deep Dive!!,upe-BoLet_M
334,BlockFi vs. Celsius: Complete Comparison ! ü•ä,JiqaPTpk0Sc
335,Housing Market Crash: It's Coming & This is WHY!!,8IuWVv26Dfw
336,Could Bitcoin TAKE OVER?! This Report Will SHOCK YOU!! üåé,QcXIwytY5qM
337,Crypto in 2024 & BTC Price Predictions: Tim Draper & Raoul Pal!!,kfOeVUbbx9Y
338,"Crypto News: BTC Rally, Wormhole Hack, ADA, LTC, SOL & More!!",LluzXOKRlXQ
339,Ripple‚Äôs Game-Changer: Are XRP Holders About to Get Rich?,QsSwiNHCch8
340,ETH Is in Trouble‚Ä¶ But a Huge Comeback Might Be Coming!,Qw6NBIgAgQQ
341,This Will Surprise YOU!! Bitcoin Legal Tender is Coming To...,q21ig5Zrp-w
342,Report: Institutions Want Crypto!? You Won't Believe This!!,WX6d3-s-Sw0
343,Ethereum is SCALING: Guide to SAVE GAS FEES!! ‚õΩÔ∏è,L52zhkDYzvM
344,Why Are Your Altcoins CRASHING!? FDV Explained!!,fUj7EM-6kQ0
345,"Crypto News: SBF, FTX Hacker, Binance, DCG, Social Media Risk & More!!",HgBPrGzs-g4
346,Polkadot: DOT has MIND BLOWING Potential!! ü§Ø,wb0czKguqAY
347,Digital EURO Update! This CBDC Report Reveals What Central Banks Are Planning!,X7wBu7NAUGc
348,Binance Coin: BNB Any Potential in 2022?! Deep Dive!,Jwo4rwik6WM
349,When Fiat FAILS!! This CANNOT Be Ignored: Historical Lessons üí£,cxGmoUrQuzI
350,Ethereum's Bull Case: Why ETH is Poised for a Major Breakout!,5UVDyCBoyig
351,"Crypto News: All Time High, BTC, ETH, NVIDIA, Memecoins & MORE!!",TZJGYi0yN_I
352,"Crypto News: PEPE, ETH Burn, Tron, Debt Limit, Coinbase & MORE!",W_x0xhNaatw
353,Have We Been LIED TO?! China's FAKE GDP Numbers!! üá®üá≥,9jO1G4CNse8
354,BIG Ideas For 2023: Ark Invest's EPIC Report!,yCwlz_EzU6g
355,BEST Mobile Crypto Wallets: 5 TOP Choices!! üì≤,vsUu1rH_KUE
356,Can Bitcoin Be CENSORED? All BTC Holders MUST Watch This!!,ETpm0aQdlCg
357,"Crypto News: Fed Meeting, BTC Adoption, APE Antics, Mining & More!!",v2VLrX7rj-k
358,Monero: XMR Potential in 2022?! This You NEED To Know!!,7-aTYyEVlNk
359,"Crypto News: DCG, SBF in Court, Silvergate, OpenAI & More!!",hZD97sB8_lc
360,Coinbase vs. FTX: BEST Crypto Exchange Showdown!! ü•ä,Z80iMY9GkyE
361,The Deepfake WAR Is COMING!! What it means for YOU!!,oyFMzFfxTdo
362,Pivot or Pain?! Here's What The Fed Will Do in 2023!!,Ux5viZrm_cc
363,Monero: BULLISH on XMR Now More Than Ever ü§´,b7BP6hU7AQw
364,USDC Depeg: What Happened? Safe or Can it Happen Again?,OGhLklnDenU
365,2025 Crypto Narratives You Need to Know!,GHWkUHc-UDk
366,TOP 5 BEST Crypto Podcasts: Listen To These!! üéô,ardvij3wQ1g
367,Tesla in 2023: Can TSLA Recover? This You NEED To Know!!,isKI3W__N8c
368,"Crypto News: BTC ATH, 2025 Predictions, AI Memecoins, Quantum FUD & More!",FmKUYGU08Ng
369,Bitcoin Runes Explained!! What They Mean for BTC & How To Find!,o5DtseL4cE4
370,This $130 Billion Crypto Pump Could Start in Japan!,sEK_5DohIEo
371,This BITCOIN Whale Won‚Äôt Stop!! What‚Äôs Their End Game?,W7Toh-6aeJ8
372,"Crypto News: Bitcoin, ETH ETF Delay, SEC, Binance & MORE!!",_kvqduQ2YU4
373,BUY THE DIP With These Altcoin Picks!! üèÜ,7izx0HeuOEs
374,"Crypto News: BTC to $125k?! Hot AI Memecoins, USDT Crackdown & More",EOpRq2zC6c0
375,"Crypto News: BIG RISKS, BTC On The Edge, Trump‚Äôs Reserve & More",7enVi7sEyAc
376,How South Korea‚Äôs Crypto Market Skyrockets in 2025,FCBWt2U_bmQ
377,Trump‚Äôs $1.4M Crypto Dinner & The Collapse of Stablecoin Legislation,3ZjocMQLIZU
378,VCs Are Bullish on Crypto Again? Here‚Äôs Where The Money Is Going!,q9-PC8f8mrs
379,Bitcoin ETF COMING?! What The Grayscale vs. SEC Lawsuit Means!,s6HdClRWKw4
380,Have You Seen This?! What Coinbase Earnings Mean For Crypto!,dyaqTv0sPuE
381,Is The Israel-Saudi Agreement OVER?! All You Need To Know!,x_uwqBGH49Y
382,Biggest Money Laundering SCANDAL!! You Won‚Äôt Believe This!,wYjB3qGPI2Y
383,3 Cryptos With a HUGE Potential! Don't Miss Out on These!!,okRkfRTYEfI
384,BTC to $200k!? Bitcoin Supply Shock Incoming - Don't Miss It!!,0A58iIfsyBE
385,"Pi Network: You Won't Believe This! Review, History & Potential",MughIZ88VxY
386,"BTC Price Predictions, SUI Fall, HYPE, Trump Coin Scandal & More",eTWdtYeBPmk
387,Altcoin ETFs Soon?! Grayscale Crypto Trusts & What It Means!!,td56zdCrfpE
388,The Rise of Ethena: A New Era for Decentralized Finance?,EpEYOFgC8gg
389,Here's Why Bitcoin Is About To TAKEOFF!! üí∏,JYd1khX3loA
390,"Digital Euro Explained: Control, Surveillance & the Real Agenda",COfHwr-Ksng
391,5 Crypto Indicators You NEED NOW: Top Tips For Max Gains!,yEPawmytXDs
392,STOP! 10 Crypto Mistakes That Will Make You LOSE: Top Tips!,5gXhDGg3yAc
393,10 CRAZIEST Things I Bought with BITCOIN!! üçπ,4g1Fj_9AfCk
394,Chamath Palihapitiya WARNS Bitcoin Investors of Upcoming US Debt BLOW UP of 2025,QBQ__GpIJp8
395,Easiest Way to Turn $1k into $20k with Cryptocurrency in 2025? | CryptosRUs (Next Solana Revealed),dQsCLy7k86s
396,"Market Is 'Ticking Time Bomb', Bitcoin On Brink of Eruption  | Lawrence Lepard",u5H_KanDi_Y
397,‚ÄúDo Not Be Fooled!‚Äù Kevin O‚ÄôLeary Issues BIG Warning To Crypto Holders,gKSnov-1B2E
398,Bitcoin Hits All Time Highs AGAIN‚Ä¶ Here‚Äôs What‚Äôs Next,JKeTpmlHQro
399,"Top 5 Crypto Coins Set To EXPLODE in 2025! ""Like Buying Bitcoin at $1""",q2CCz_HlzQY
400,IT STARTED: World‚Äôs Largest $3B Crypto Deal HAPPENING NOW | MultiBank,TIeDTsQnz9Y
401,"The Next BIG Crypto Memecoin Just Discovered ‚Üí Like Finding Dogecoin, Pepe, & Brett EARLY!?",_XT1sgBum4A
402,Last Chance to Buy This New 100X Potential Meme Coin - SOLAXY!!,BpbA0R5RN7E
403,100X AI AGENT! MIND OF PEPE Launches in 5 DAYS - NEXT 100X PEPE MEME COIN??!?!,JmPryC_KDh0
404,Experts Predict FARTCOIN Will Hit $10!? $Fartcoin is ready to pump! Fartcoin Price Prediction,eL30uWCV2Sw
405,BEST 5 MEME COINS To Buy Now With 10X Potential?!?! (WATCH CLOSELY!!!!),U1D0_Qq-cy4
406,These Are The Top 3 Altcoins I Am Buying Before Altcoin Season Begins!,Ye92MZ77KeY
407,$TRUMP TO $25!! $TRUMP GALA DINNER TODAY! BIG $TRUMP COIN NEWS!,v9IlOauuB1g
408,QUANT CRYPTO PRICE PREDICTION | Can $QNT Go Even Higher?!,F8RjtwUMbM0
409,Best 8 Crypto Meme Coins to Buy Now?! (Buy Before June!) Top Crypto to Buy Now!!,2LIKYRu7IFE
410,SolanaÁ≥ª„Éü„Éº„É†„Ç≥„Ç§„É≥„ÅÆSolaxy„ÅÆÊúÄÊñ∞ÊÉÖÂ†±„Å£„Å¶„Å©„ÅÜ„Å™„Å£„Å¶„ÅÑ„Çã„ÅÆÔºüÔºü,8A2IxYWPX6E
411,BRETT COIN PRICE PREDICTION | $BRETT Crypto News,FRAm02VFvxE
412,JAMES WYNN IS ALL IN ON PEPE COIN! PEPE TO ALL TIME HIGHS IN JUNE!? BULLISH PEPE PRICE PREDICTION,mxVdWMuJDzs
413,SHIB TO $0.01! BULLISH NEWS FOR SHIBA INU HOLDERS! GET READY FOR THE PUMP!,dCoAriT9chs
414,DONALD TRUMP IS PLANNING 0% TAX ON BITCOIN???!! üî•üî•üî•,ZjzC0A8mx1A
415,How Does a Crypto Presale Work? Crypto Presale Explained Simply,p6wtiEokY_M
416,üöÄ  GAN√â un MAC por 26‚Ç¨ en Caja Misteriosa de Solo ORDENADORES MAC de APPLE,TB-yhAt_4v8
417,ÿßŸÑÿπŸèŸÖŸÑÿßÿ™ ÿßŸÑÿ±ŸÇŸÖŸäÿ© ÿßŸÑÿ±ÿ≥ŸÖŸäÿ© ŸÑÿ™ÿ±ÿßŸÖÿ® ÿ¨ÿßŸáÿ≤ÿ© ŸÑŸÑÿßÿÆÿ™ÿ±ÿßŸÇ! ÿßŸÑŸÜŸÖÿ∑ ÿßŸÑŸÅŸÜŸä ŸäŸàŸîÿØŸä ÿßŸïŸÑŸâ ÿ™ÿ≠ŸÇŸäŸÇ ŸÖŸÉÿßÿ≥ÿ® ŸÉÿ®Ÿäÿ±ÿ©!,OmTGW7vsDwk
418,DONALD TRUMP IS PLANNING 0% TAX ON BITCOIN + BITCOIN NEWS UPDATES!!,3tsGc9j11LA
419,Die letzten 25 Tage vom Solana Layer 2 Presale!  Solltest Du jetzt noch Solaxy kaufen?,907UuKqLclo
420,COMPR√â la CAJA MISTERIOSA de iPADS m√°s BARATA de Apple üò± ¬øVale la Pena? Esto Fue lo que Encontr√©...,QF7ejm9remQ
421,Floki Testing Resistance Levels Could Breakout And Move Higher As Bitcoin Is Gaining Strength!,o3cDZmm_cKY
422,¬øAirPods por $41? La caja que est√° volviendo LOCOS a los amantes del audio üéß‚ú®,PwJbJnFHhqw
423,ÎπÑÌä∏ÏΩîÏù∏Ïùò ÏÉÅÏäπÍ≥º Ìï®Íªò Ï∞∏Í≥†Ìï† ÎßåÌïú Î∞àÏΩîÏù∏ TOP 3?!,P3HHfGaKjIo
424,"BITCOIN TO $150,000 THIS YEAR?! HUGE BITCOIN GAINS COMING NEXT MONTH??",sQqA9Y4ZrXE
425,Bitcoin wieder √ºber $100k! Sollte man jetzt Meme Coins vor dem Bull Run kaufen?,tWsycf00Htc
426,‰∏ñÁïå‰∏≠„Åå„Éì„ÉÉ„Éà„Ç≥„Ç§„É≥„Å®„Éü„Éº„É†„Ç≥„Ç§„É≥„Å´Ê≥®ÁõÆÔºÅÔºüË©±È°å„ÅÆ„Éü„Éº„É†„Ç≥„Ç§„É≥3ÈÅ∏„Çí„ÅîÁ¥π‰ªãÔºÅ,B106LSp8WCI
427,Pudgy Penguins Price Prediction | Can $PUDGY 5x From Here?!,apAd9xwqgKI
428,Bitcoin se prepara para romper r√©cords: Estas monedas meme podr√≠an explotar,6zGxdVHB9uk
429,Bitcoin Ready To Break All Time Highs! The Best 3 Meme Coins To Buy Ahead Of The Rally!,5LgOwAOQI0M
430,Pepe is going to ath in June???!!!,8IT6aacEBx0
431,$TRUMP TO $25?! WHEN WILL $TRUMP COIN PUMP?! OFFICIAL TRUMP COIN NEWS!,_HXs-M0s4q0
432,¬øC√≥mo GANAR un Coche BMW en Internet en 2025? ü§Ø ¬°ABRE esta Caja Misteriosa! [Unboxing Jemlit Real],nZcmvvxixfs
433,Pak je kans in 2025: De Top 3 Meme Coins die binnenkort ontploffen!!,hCl4IlkZcLg
434,The Next Pepe Coin IS HERE!!! Mind of Pepe!! Only 3 Days Left!,JVrnks3766w
435,THIS IS YOUR LAST CHANCE TO BUY THIS COIN!!! üíéüíéüíé,LCxuiP_7bAU
436,THIS COIN IS PREPARING FOR SOMETHING BIG??!!! üî•üî•,oMoOb8AQxEk
437,THIS COIN IS DOGE COIN KILLER??!!! üíéüíéüíé,3qcoirn-vgE
438,ALT SEASON IS COMING SOON!!! üî•üî•üíé,zZ4ZGWUYAPU
439,üî• ABRO una MYSTERY BOX de Le Creuset de $1.700 por SOLO $20 üò± | Ollas Francesas de Lujo | Jemlit,-T6OdYhK_mI
440,THE BEST WAY TO MAKE IT IN CRYPTO WITHOUT GETTING LUCKY (Urgent),r0YNd3KNB8g
441,20 ALTCOIN GEMS YOU MUST HAVE ON YOUR RADAR (Last Chance),hJPY4qN7uYc
442,THE SINGLE MOST IMPORTANT TREND IN CRYPTO IS MAKING PEOPLE RICH RIGHT NOW,D2hYaVtTITU
443,96% WILL LOSE MILLIONS IN CRYPTO (2025 Bitcoin Rotation Explained),OoOoHNb9yvU
444,BEST WAY TO 60X YOUR CRYPTO IN 60 DAYS (Must Watch For 2022),Mt7rOAyAlUc
445,1000X GAINS AHEAD! Top Altcoins that will EXPLODE with THIS NEW ecosystem! The next SOLANA?,GzWhkzBOkXk
446,HOW TO MAKE MILLIONS IN CRYPTO FAST!! (Watch BEFORE 2024),9O6SrWwE8Oc
447,URGENT! WORST CRYPTO CRASH IN MONTHS!,7P_gKDKM1Uk
448,BEST CHANCE TO BUY CHEAP CRYPTO COINS? Life changing opportunities,rZwqsgXsF_M
449,CARDANO ECOSYSTEM IS ABOUT TO MAKE HOLDERS THE BEST GAINS,ZtsG9aIdMGA
450,"WORST BULL RUN FUD! Response to BitBoy Bitcoin Prediction | Crypto, Blockchain, DeFi & NFT analysis",4ZtcEeFZTJM
451,THESE NFTs WILL 249X IN 30 DAYS!! (Urgent),3xY7LiG4hoQ
452,MASSIVE PUMP INCOMING!!! THESE 2 COINS ABOUT TO EXPLODE WITH THE GREATEST GAINS!!!,av0z65jGpPs
453,URGENT!! WORST NEW LAW COULD KILL CRYPTO IN AMERICA! (act now),oe821gojgjo
454,LAYER 1S ARE EXPLODING!!! BEST TIME TO PROFIT IS HERE! (ACTUALLY URGENT),vLsH06Ix9Wo
455,WORST CRASH IN HISTORY... What comes next,Cd2iNZXRH7w
456,EMERGENCY!! ETHEREUM DOOMSDAY!! Why I'm NOT worried...,tfmUpUqwU8Q
457,I'M BUYING MILLIONS OF CRYPTO!!! This altcoin dip is the best chance to GET RICH,5TfPluhgHBs
458,My Q4 Crypto Exit Plan! My plan to KEEP life changing wealth (Time Sensitive),wxgZTqh6bvw
459,NFTs WILL EXPLODE WITH GAINS THIS YEAR!! Billionaire Investors Join NFT craze,sAj83IJ7N9k
460,THESE TOP NFTS WILL 50X IN MONTHS! Best forces combine for mainstream adoption,Y1Ck-KM3OJo
461,THE BEST ALPHA ON MASTERING THE BIGGEST WAVE OF 2022,e1ph1Tl-CeU
462,URGENT: THESE ALTCOINS ARE EXPLODING! PREPARE FOR 1000X GAINS SOON,QKuEwFzUKvE
463,THE INSANE BULLISH CRYPTO NEWS NO ONE IS TALKING ABOUT!,GNTFVbjMRhQ
464,FINAL DIP FOR CRYPTO IS HERE,rmZrnKKXS-g
465,THESE ALTCOINS PRIMED FOR LIFE CHANGING WEALTH,yJi48DmAfPg
466,The 10 BEST Altcoins that could make you RICH,Uu7iEaCUZDQ
467,$17 MATIC? This Is The Best Case For Polygon To Pump 1000%,4dVuDqK_hW8
468,2022 WILL REWARD SMARTEST CRYPTO INVESTORS WITH THE BIGGEST GAINS!,GYypNdeoifE
469,URGENT! Worst crypto collapse explained! How you are being manipulated!,uNeJEl55vuM
470,HISTORY IS REPEATING!!  BTC indicator showing $350K cycle top,3iTR-0ttU6k
471,WARNING! CARDANO HOLDERS!! Biggest moment in ADA history means both RISK and REWARD are HIGH!,C2raGvo_PDg
472,ONLY 4% OF PEOPLE WILL MAKE MILLIONS IN CRYPTO (2025 Bitcoin & Altcoin Rotation Explained),-tT31-BsWTE
473,TOP CRYPTOS for the next Bull Run? My portfolio revealed!,WpzSJEFQRsw
474,FILECOIN'S MONSTER PUMP! These coins set to go PARABOLIC with gains!! Akash Staking Tutorial,9RIbqaWuC4M
475,MESSAGE TO THE CRYPTO COMMUNITY!!!,0l4obBgqzSw
476,URGENT: BUY CRYPTO RIGHT NOW OR REMAIN POOR FOREVER! ONLY BUY THESE COINS ALTCOINS!!,SWo-Bdyw3Q8
477,I Was WRONG About The Crypto Bull Run...,vymtuy0QDxc
478,GAINS FROM THE GASWAR? THESE ALTCOIN GEMS MIGHT MAKE YOU RICH,duj8QEPPNAI
479,BITCOIN CHART SHOWS EXTREME BULLISHNESS!!! DO NOT MISS THE BEST PHASE OF THE BULL RUN!!!,z9wNerr3QN8
480,GREATEST CRYPTO GIFT!!! FEAR IN THE MARKET CREATES BIGGEST OPPORTUNITIES,THOSunwJT7U
481,ASIA IS BETTING THE BIGGEST ON THIS SECTOR OF CRYPTO!,M69oywqfijM
482,MY SIMPLE PLAN TO MAKE $100M BY 2030,-0w7orQNkcA
483,WARNING: 2021 CRYPTO BULL RUN IS REPEATING (Altcoins will 100X),_w9FNhoIe6U
484,IS DOT ABOUT TO MOON? Polkadot ecosystem has been lagging behind Solana and Cardano | DeFi,MZ7AzyD7Ck0
485,$1MILLON BITCOIN!! THIS ONE THING COULD SEND BITCOIN PARABOLIC WITH GAINS IN 2021,ovUnbxvv3sk
486,EASY WAY TO BUILD WEALTH IN CRYPTO! Ethereum Altcoins explained,G35d9PbtWus
487,I GOT HACKED...,k3N4_aFndmA
488,BULL MARKET IS ABOUT TO EXPLODE (unless THIS happens),-kdkM5BtEJ0
489,BITCOIN CRASH? MY STRATEGY TO MAKE INSANE GAINS EXPLAINED,gCsn3M7W-6s
490,CRYPTO CRASH SURVIVAL GUIDE! THIS SECTOR IS WHERE I WILL BE LOOKING FOR THE BEST GAINS,w_R3lxNcr7U
491,ULTIMATE GUIDE TO BUYING CRYPTO COIN CRASH! CRASH BUYERS MAKE MILLIONS,cZXHuitFsoo
492,Most Urgent Fact That Everyone Has Wrong About My Q4 Exit Plan,Js9uNHHDAfw
493,Donald Trump Will Make Crypto EXPLODE in 2025,Fg5MdhaWLww
494,1000% ALTCOIN GAINS AHEAD!! Best Is Yet To Come!!,0KsSgtou_2I
495,CLEAREST PROOF THEY ARE LYING TO YOU! This is Your BEST Chance To Win In Crypto,CCAch4NbF1M
496,HOW TO FIND THE WORLD'S BEST ALTCOIN GEMS ON UNISWAP! (TUTORIAL) Plus 2 Uniswap Coins!,CF-WugfTv2s
497,IS COSMOS MASSIVELY UNDERVALUED? Why this ecosystem could explode with gains,ejRC_1TgJFU
498,WARNING: BITCOIN ABOUT TO DELIVER WORST CRUSH TO ALTCOINS AS DOMINANCE GOES PARABOLIC,Z1YNLxxBad4
499,Why The Worst Global War Against Crypto Won't Succeed,Atz5XzhlEdc
500,$1 MILLION BITCOIN INCOMING! SHOCKING STIMULUS WILL SEND BTC & ALTCOINS! 1000X Pumps coming,3AZg58VDYig
501,URGENT: NEW BANK COLLAPSES WILL PUSH BITCOIN TO $1M,O5v1Us0FRKM
502,1000% ALTCOIN GAINS RETURN! Has the crypto market bottomed?,Jh_wPk1T7LY
503,THE BEST CASE SCENARIO FOR BITCOIN AND CRYPTO? Or...,oDPy_tIo_wE
504,BEST CASE SCENARIO!!! BULL CYCLE CAN PUMP UNTIL Q4 OF 2022 WITH BITCOIN REACHING $278K,WZXq3TUqxLs
505,BITCOIN TO $1500? Top Bloomberg analyst reveals shocking data! [Interview],2M3in0FYZFU
506,3 STRONGEST CRYPTO COINS THAT HAVE THE MOST BULLISH CHARTS,DZkYkAC-BVQ
507,"100X SUPER CYCLE TRENDS!!! Bitcoin, Altcoins, DeFi and NFT Insights",K6rRHYIXvE8
508,TRUMP BREAKS CRYPTO‚Ä¶ What Happens Next?,tx-JKTQ-V9o
509,WARNING ABOUT THIS BITCOIN & CRYPTO DUMP!!,DnuULWQdV5Q
510,GREATEST BITCOIN RECOVERY IN PROGRESS! PAY ATTENTION FOR LIFE CHANGING OPPORTUNITIES,jkxNIZS7CR0
511,INSANE SANTA RALLY IS GOING TO DELIVER THE WORST LOSS TO BEARS!!!,cSprmxg-cks
512,CRYPTO IS STILL IN A BULL RUN,qfWFjS5PjiI
513,These Are The Top 5 Absolute Best NFT Communities In Crypto,U5F3_Ede_zA
514,CRYPTO BEAR MARKET WILL END ON THIS EXACT DAY!!,xEszucWyx0w
515,"BEST EXPERT PREDICTS ""UNLIMITED"" PRICE FOR BITCOIN THIS DECADE (more pain short term)",io7xJgmBU_A
516,WHEN WILL THE WORST OF THIS CRASH END? TOP BTC INDICATOR REVEALS EVERYTHING,yEaX9WH9drM
517,URGENT: HISTORIC TRUMP CRYPTO PUMP JUST STARTED,fpneeOVpuhE
518,WARNING: DON'T BUY UNTIL YOU SEE THESE 3 SIGNS! ULTIMATE BEAR MARKET GUIDE,alMJXIiTXb8
519,BREAKING: SEC SUES BINANCE! Worst case scenario or best buying opportunity for Bitcoin?,L7cI2NpBG5I
520,THE WORST ECONOMIC COLLAPSE IS NOT OVER! HERE'S WHEN IM BUYING TO GET RICH,1rRX1wI3kDY
521,Crypto Will NEVER Be The Same After This...,7Z4yI3jxBd4
522,WARNING: ONE OF THE BIGGEST BANK FAILURES OF ALL TIME HAPPENING NOW! Bitcoin bull run coming?,FvGgnsijpRo
523,$134K BITCOIN! PERFECT PARABOLIC END OF 2021 INCOMING,nsoYLMVmz0g
524,BITCOIN REPEATING ITS GREATEST FRACTAL FROM MARCH 2020!,CUKwHhxINf0
525,Most interesting NFT project creates HUGE gains for holders!! Cryptocurrency News & Insights,ihhMNJRbEec
526,THE ABSOLUTE BEST STRATEGY TO MAXIMIZE BITCOIN AND ETHEREUM GAINS,J1RC3SUastI
527,THE MOST HONEST TRUTH ABOUT IMPOSTORS,KQjB8NXa1c4
528,URGENT BITCOIN CRASH WARNING! What Happens Next?,o2A6EkuwJ_M
529,BITCOIN MOON OR DOOM? RECOVERY IN PROCESS BUT DANGER STILL AHEAD,crX7VrftRhY
530,ETHEREUM HISTORIC UPGRADE THE BEST PATH TO A CRYPTO RECOVERY?,wslypyl8doQ
531,"EXPOSING THE FED'S PLAN TO CRASH THE ECONOMY (Bitcoin, Crypto and Stonx Holders be ready!!)",vboml1MJ2rA
532,URGENT: BANKING CRISIS 3.0 JUST GOT WORSE!! (Bitcoin and Crypto only way out),LPI6NYq0FGM
533,CRYPTO WARNING: 97.1% OF YOU WILL GET REKT (Scientific),nDVfSvV1YaQ
534,CHINA JUST PUMPED BITCOIN AND (THESE 13) CRYPTOS ON NATIONAL TV!!?,cn-AKCC9Ecw
535,THE MOST IMPORTANT THING TO KNOW ABOUT THE ETH MERGE...,BHH-QEKuAlQ
536,IS THE WORST CRASH OVER OR MORE PAIN AHEAD?,dSbObQ2O0EU
537,Their EVIL PLAN to Stop You from Owning Bitcoin,sYKGFYDolK8
538,WARNING: Crypto Has 73 DAYS To Be Saved By The US,rRSmWwZpwtU
539,WARNING: HISTORIC BANK COLLAPSE HAPPENING RIGHT NOW!!! Bitcoin to $1M??,RLTw8_qOshQ
540,THE WORST REAL ESTATE CRASH OF OUR GENERATION COULD BE DISASTROUS FOR CRYPTO!,IOb4VOSdLhU
541,THE TRUTH ABOUT THE 2023 RECESSION FINALLY COMES OUT!! (Last Chance to Build Wealth),H5paFGEEH-o
542,SHOCKING GAINS!! THIS ONE PROJECT IS CREATING LIFE CHANGING WEALTH RIGHT NOW,pnLQ4_XkcUI
543,My Exact Plan to Catch the Crypto BOTTOM,9O17WcpV6Qo
544,WHILE EVERYONE WATCHES ISRAEL THEY ARE PUSHING CBDCs!! (BITCOIN TO $1M),PnexDe8KY6g
545,INCOMING ETH BREAKOUT MEANS THAT Q4 SUPER CYCLE IS STILL IN PLAY,1wi7OAjryJw
546,GREATEST BITCOIN BOUNCE HAPPENING NOW!! MAJOR SIGNAL JUST FLASHED!!!,PFpMkJnjTx8
547,ALT SEASON?! CRYPTO PUMPING NOW! (Watch BEFORE You Buy!!).,R78lkHtSyZQ
548,The WORST danger to the economy JUST APPEARED,1htzUefGgmk
549,This Has Been One Of The Biggest Weeks Of The Best Bull Run,s8QS_d8ZEJQ
550,ULTRA RICH BUYING THE CRYPTO CRASH!! (Giveaway for Nonfungible Tuesday!),43iRsx5rCsk
551,PROOF YOU ARE BEING LIED TO! BIGGEST BANKS WANT TO STEAL YOUR BITCOIN AND CRYPTO!!!,lQcXeMYv5ig
552,BREAKING: SEC IGNORES DIRECT ORDER FROM CONGRESS TO APPROVE BITCOIN ETF,hu4GdEAf2lg
553,ALTCOIN HOLDERS MUST WATCH! Is this the end of the bull run or the perfect buying opportunity?,ztpO3GXxnJ8
554,BEST BITCOIN BREAKOUT WILL HAPPEN AFTER PASSING THIS KEY RESISTANCE! Must Watch Expert TA,TTPVenk3qqA
555,HUGE BULLISH SIGNAL FLASHES!! BITCOIN COULD MAKE A HUGE MOVE BACK TO THE TOP,9S8Kg7hr9tA
556,THE FED'S MOST SINISTER LIES EXPOSED? Most bullish Bitcoin pump explained!!  (Time running out!),mRsKllroG-o
557,WORST CASE SCENARIO HAPPENING AS INFLATION CLIMBS HIGHER,gcioVdxGhrg
558,BREAKING: CRYPTO BAN IN THE US? Watch before you react!,CFj3nCenlwg
559,300% GAINS INCOMING! BEST BITCOIN INDICATOR FIRES AGAIN!,egCOjqcW6T0
560,BREAKING: ETHEREUM ETF IS COMING!! (Easiest Crypto Play to Get Rich EVER),Ke_Uz7XjtTg
561,BOUNCE TARGETS HIT WITH PERFECTION!!! BEST PREDICTION OF WHAT TO EXPECT NEXT!!!,6lrlUqKmr-s
562,DO NOT BE FOOLED: FINAL DIP FOR BITCOIN & CRYPTO IS A GIFT,pBLegTuyUCk
563,WARNING: ALTCOIN BLOODBATH!! My Bitcoin and Crypto strategy,DJvHcYXeyRE
564,BITCOIN'S MOST EXTREME PUMP (despite WORST NEWS)??? WATCH THIS BEFORE YOU BUY CRYPTO!!,8GdMgQuRsqA
565,Super Bullish Breakout Signal Shows Bitcoin Will Hit $250k Soon,nTC-OK7e4uY
566,BITCOIN EXPLODES WITH GAINS DESPITE INFRA BILL! BULLS TAKE CONTROL WITH MASSIVE GAINS ON HORIZON!,ApgGr1GQeh4
567,BULL MARKET FOMO?? Important message to crypto holders,zPjG72O6Xvg
568,The #1 worst ritual MUST BE STOPPED!! (Real Anger),fTgpKKQRBxQ
569,PROOF Bitcoin is headed for ANOTHER CRASH? Shocking prediction from Sr Bloomberg Crypto analyst!,xhvaJ4MvGwM
570,CRYPTO WAR? WHAT THE BIGGEST WHALES WON'T TELL YOU!!,HnsA0vEGggk
571,MY BIGGEST INVESTEMENT IN CRYPTO EVER REVEALED!! GigaMart Launch,nGVefZXgKfA
572,CATHIE WOOD'S SHOCKING BITCOIN PRICE PREDICTION (Bull market dip is here),h33kXmWqNd8
573,This Low Cap Altcoin GEM set to moon with Ethereum 2.0!,uLIgd21XFT4
574,Biggest Winners From The New Crypto Law NO ONE Is Talking About,_0jqFHhiW3A
575,BIGGEST RISK TO CRYPTO MARKET IS NOT WHAT YOU THINK!!,vhV8hs9nMOY
576,URGENT! BITCOIN WORST CASE SCENARIO!! Must watch for crypto holders,HqPbMzeLVoo
577,WHY I'M BETTING ON ALTCOINS FOR THE BIGGEST GAINS NEXT MONTH,4x4UTAhfaYs
578,BITCOIN SHOWING STRONGEST SIGNAL THAT A PUMP TO $100K IS NEAR!!!,7jlpG7hUeRM
579,$30K ETHEREUM? Father of Smart Contracts may be wealth building chance of your lifetime,44S5DUBlgCs
580,PAYPAL'S TOP SECRET NEW CRYPTOCURRENCY?,6Z2XS8zfBA8
581,THE BEST BITCOIN PRICE PREDICTIONS REVEALED,LN0BdVztN5A
582,SHOCKING $400M BITCOIN BUY FROM NASDAQ COMPANY! + Altcoin News,ecaWELPzMzc
583,I'M HIRING! THIS IS YOUR CHANCE TO GO FULL TIME CRYTPO!!,6qIaOCYLjUY
584,WARNING: POLITICIANS BLAME CRYPTO FOR ISRAEL ATTACKS?? (War against Bitcoin and Crypto),2kNGYifiDTY
585,ETHEREUM 2.0 FLASH CRASH! What you must know...,qP71Pkwjquk
586,THREE ways to confirm a Bitcoin bull run NO ONE is talking about? Litecoin to the moon?,VykR5RyVUHc
587,When To BUY Crypto üìà,xZ1LxwZXgv4
588,The EVERYTHING CRASH? MOST CRITICAL factors for Bitcoin Price action!,fQVnsTQ_jcU
589,STIMULUS TO PUSH BITCOIN OVER THE TOP INTO LIFE CHANGING BULL RUN!,geiUWKHaZvk
590,Top 3 Crypto Gaming Coins üìà,juRWtcf1_OM
591,BITMEX SHUTDOWN AMAZING FOR BITCOIN? THE TRUTH REVEALED,lmM9S4zKhx4
592,When Will Bitcoin Crash? üìâ,ZRrpCIGV8AE
593,Bitcoin Price Prediction 2025 üò±,qiBw054XB5Y
594,BITCOIN vs. ALTCOINS (FIGHT TO THE DEATH?),VHSiPMoalQo
595,NO ETF? üò±THE BITCOIN PRICE TARGET NO ONE IS TALKING ABOUT!  + Krown Explains Market Making üöÄ,YfFPEl7157I
596,"TRILLIONS TO ENTER BITCOIN? Crypto fund manager on institutional investors, STOs, DApps & Regulation",ShHSSSUweXI
597,Top 3 Crypto Mistakes üò≥,ESnHhqYFlyo
598,BTC CRASHING ON REGULATION FUD? BTC new ATH on THIS EXACT DATE!,7pjE5oEuZFU
599,"ALTCOINS DOOMED? Stimulus negotiations ""called off"" until after election",UXQVSSR6Y90
600,PARSIQ INSANE NEW TOKENOMICS + Binance Investment!,f3mtwQlajqg
601,BITCOIN EXPLODES TO YEARLY HIGHS! Altcoins showing signs next insane bull market,QlrLxU49Lyo
602,"Failed Vaccines, Monster Stimulus and Bitcoin! The crypto supercycle is upon us...",rjs1TWgWByw
603,How to Prepare for Crypto Crash üò≥,auE4OJbcoB4
604,CZ's EVIL PLAN TO CENTRALIZE DEFI?,u2zIhTqEglg
605,BITCOIN EXPLOSION TO $17K! Markets turn bullish hinting at next phase of bull run,vk533VRQCFM
606,Don‚Äôt Fall For This Crypto TRAP üò≥,_R_9x3Ghrtw
607,THE $150M HACK and HatchDAO Exit Scam,z5QPfjmIPq8
608,Will Solana Survive The Crypto Crash? üò≥,IeQBHzOzPV0
609,BREAKINGüî¥ Bitcoin hasn't done THIS since it began its run to $20K! BTC TA Expert Eric Krown explains,nHdNzYENtwk
610,How Much Bitcoin to Become a MILLIONAIRE? ü§ë,nCW4cv1QQxw
611,IS BITCOIN SEASON A DECEPTIVE LIE?,eCsoq8DjCPg
612,Is Crypto About To PUMP? üí∞,XkOSEjllU5Q
613,Why You Should BUY Hyperliquid üìà,uf7G3rWFjSU
614,Signs Crypto Is Crashing üìâ,15Mayigbz6Y
615,BITCOIN VS. BITCOIN CASH? BTC VS BCH DEBATE EXPLAINED,anwt3GF3K8k
616,THE CRAZY STORY BEHIND THE COINMETRO HACK: PARSIQ Founder Tells All!,b0VlTYS3kKE
617,LAMBOMON - HODL WALK (PLUG WALK REMIX BITCOIN & CRYPTOCURRENCY PARODY REMIX),8eu003Iqj4Y
618,When To SELL Bitcoin üò≥,R4TaBkAfgPE
619,I MADE A MISTAKE! üò±is Bitcoin's Halving overhyped? China gold-backed crypto to kill USD?,KnpDSFzyHFE
620,IS THIS DEFI'S BIGGEST MOONSHOT? AAVE's LEND to overtake COMP STX & MAKER for the DEFI CROWN?,u6HlS5jDkxk
621,McDonalds Crypto? $10.7 Trillion Fund? Tron Mystery Solved? Everex Cardano PundiX Litecoin LN Ripple,gCOVnAthqZ4
622,BLOOMBERG ANALYST: Bitcoin's PERFECT STORM coming with Recession + Halvening üöÄ,kdq6xt9rCbQ
623,BAT set to Moon? How Brave Browser and the Basic Attention Token crypto can fix the internet!,mCi7D-nMIUk
624,GOLD = TOILET PAPER for the RICH? Bitcoin set to EXPLODE as precious metals become unavailable! BTC,wjbhlg-SOeI
625,$2.5 Billion behind Tether! Bithumb Hacked! IBM + Stellar | Enigma + Intel ICON Akon & Bitcoin News,LWS1yRQvvx4
626,Ethereum Not Sharding Til 2020? HBUS NEO 3.0 XLM TE-Food Bitcoin LN & Crypto News,pBeH6K2k-4o
627,BITCOIN BULL RUN! $7 TRILLION BLACKROCK EYES CRYPTO? EOS + BITMAIN? Coinbase XLM TNC DOGE LINE,m79mpFGXvMI
628,WHALES DUMPING ETH? LOOM NETWORK PLASMA CHAINS! REAL ESTATE ON BLOCKCHAIN? ICON BITCOIN CRYPTO NEWS,fsB8pRvPBOA
629,"ETHEREUM TO $1900? BITCOIN DOUBLE SPEND BUG? COINBASE ""POOR MAN'S"" INDEX FUND",uB1hGIti-tM
630,"Only 1% Bitcoin Volume from China? NEO 3.0, Bancor Hack! EOS Ontology Augur ICX TRX XLM",BJkbnhsnxTs
631,How AI Impacts Crypto üßê,HgV7H4lO4ao
632,Blockchain & Cryptocurrency in 2019? Live Bitcoin and Crypto Chats with CryptoZombie,-4DMbLDtiy8
633,"Crypto News: Binance USD Not Happening? IOTA Rollout, Bull Run Continues!",63Obs-7RVL0
634,"Daily Crypto News: Telegram Banned? Ripple Bullish, Big Brands on Blockchain, Ontology Roadmap",bsgzRTQfra0
635,Waltonchain and Alibaba? WTC Bags Smart City Partnership!,rAwuaXGRJag
636,What is Wanchain? WAN interoperable blockchain platform could redefine financial services,g48fpU_T_-A
637,"Crypto News: $363 Million Robinhood Raise, Nasdaq Bullish on Bitcoin, PiedPiperCoin Twitter Troll",cndNtm9LH5E
638,The Future of AI? SingularityNET AGI Token Review,F-RDAH7qUEw
639,"Does Ripple IPO signal XRP DOOM? üò±Uber, Lyft, WeWork and more analyzed. üíîRIP Kobe Bryant",k7kN7nCqAhc
640,"Daily Crypto News: Nano Fork? Telegram Scam? Vechain + Louis Vuitton, Petro Required?  Bitcoin LN",xrdJQZ5NHIs
641,"Daily Crypto News: Bitcoin Dives, Tron Test Net, Audi Blockchain, MailChimp Censorship, Kik Unity",Fwcpj_qKS3k
642,"Daily Crypto News: Twitter Censorship? Rothschilds Want Bitcoin, KuCoin Buyback, Overstock, Arizona",XCXi7skqHBE
643,"Daily Crypto News: $30 Million Ripple XRP, OMG Donations | Banks Love Atomic Swaps | Ford Blockchain",P3ZRGdI7wD4
644,Is Etherbots the next CryptoKitties? WAX surges 100% with news of Etherbots Partnership!,KqnFT6qszxU
645,"Crypto Daily News - Binance Crash, McAfee FUD, Arizona Accepting Crypto Bitcoin Updates Feb 9 2018",22pAuG-0be4
646,How To Catch A Crypto Bull Run üìà,CB1rCUUHhRY
647,Crypto Wallets Explained! (Beginners' Guide!) üì≤ üîë (2024 Edition!) ‚≠ê‚≠ê‚≠ê‚≠ê‚≠ê Full Step-by-Step! üòé,w-HDzwS52J0
648,HITLER VS THE CENTRAL BANKS! what happened [...more],mcFmtGpjVoA
649,NEW THEORY! üí• Fed‚Äôs Plan to Destroy US üí£ Underway! (Gov Inspiring Bitcoin Education üß† & Adoption),dbD2IQCLHLA
650,How to Buy Cryptocurrency for Beginners üíªüòé (#1 Ultimate Guide 2024!) üëë Step-by-Step (Updated!) üöÄ,uS-o9IRILII
651,Bank Failures üö® All By Design?! üëÄ (Fed‚Äôs Centralizing US Banking System! üè¶) Dangerous For Us! üò±,y6hgFqAmAm4
652,Tangem 10% OFF Discount Code: CRYPTOCASEY üî•üí• Best Exclusive Promo Coupon Code!! üè∑Ô∏è Wallet Review! üí≥‚≠ê,5Nh_fSWyJYI
653,Bitcoin Halving 2020: History & Price Prediction (A Simple Explanation),0mZ22iBFAOA
654,Tangem Wallet Full Review! (Watch First!) (2024) üí≥ #1 Seedless Wallet! üîê Walkthrough & Unboxing üí•,t7xAehtvxRo
655,What is Bitcoin? üëÄ Ultimate Beginners‚Äô Guide! ‚úÖ (EUREKA Moment üí•) How Bitcoin Works & Has Value! üíØ,i201o7k8C5o
656,# 1 Rule in Crypto Investing! (Important!),uiLh2Pzl3bA
657,186 Banks Near Collapse üö® Fed Will Not Save Them All! üí£ üè¶ (Bond Market Signaling Tsunami üåä!),KN2QCPC7AuU
658,Altcoins for Next Bullrun!? üî• How to Find Crypto Gems üíé BEFORE they Pump üöÄ (New FREE Tool! üõ†Ô∏è‚úÖ),aAf1MeJ7nUY
659,What‚Äôs Happening in a Nutshell üå∞ JP Morgan Steals Coinbase? üè¶ (US CBDC Possible? üí∏) Crypto News!,GQY0boqAcKc
660,"FedNow, WorldCoin, Twitter X, CBDC, BRICS!? üö® Future of Global Financial System? üåé (Bitcoin FTW! üöÄ)",5NkaThdmfhE
661,Bitcoin Halving Explained ‚úÖ 2024 Price Predictions üìà Historical Data (Ultimate Beginners‚Äô Guide üèÜ),GI89W5itdYc
662,Crypto Arbitrage Trading ü§ë Ultimate 2025 Profit Strategy üí∏ (Automated AI-Driven Trading Bot ü§ñ) EASY!,8r5gE8F0k4U
663,Bitcoin Halving Explained ‚úÖ Next Halving Happens May 2024 üí•üëÄ (Bullish for Price! üî•) #bitcoin,ehndvRUL1_Q
664,32 Lessons for Building Wealth üí∞üòé From Broke to Millionaire üí•üöÄ (How I Did It! üëÄ),ws7MGGErKns
665,How Bitcoin Spot ETF üí• May be a Secret Weapon üí£ Wall St & US Gov Plan üëÄ (to Steal Bitcoin!),IG8ZeRvxYIA
666,"Dogecoin, Shiba Inu, Pepe ü§ë Memecoins Making Millionaires üí∞ (Crypto Jokes or Future of Investing? üöÄ)",WDGB-8RyEvA
667,"NEW Crypto Wallet! üöÄ Tangem Ring Unboxed üí•‚≠ï 1st Wearable Wallet üõ°Ô∏è (Secure, Stylish, Revolutionary!)",MJnJ64cJyz4
668,"Ethereum 2.0: Beacon Chain, Staking, & Sharding (A Simple Explanation!)",M4eD6qQtmoc
669,"The Real Threat of CBDCs üö®‚ùå A Warning To All! ‚ö†Ô∏è (Share This Video, Raise Awareness!!) üëç",mmVeVlpOQ44
670,Crypto Gaming Altcoins üé≤ Analyzing 7 Cryptocurrency Gambles üìà (What Crypto to Buy in 2024? ü§ë),1INgH6FlUUA
671,Bitcoin ETF Explained! üìö Wall St Money Flooding In Soon? üí∞ (US Creating Fake BTC to Steal Real?üò±),eIVKezt-syo
672,Bitcoin Threat to Society? üßê Economic Collapse? üö®| Killing Work Ethic? üõ†Ô∏è Crippling Productivity? ‚ö†Ô∏è,wkgAk0nnJMc
673,"Israel Hamas War üëÄ WW3 on the Horizon? üåû (Bitcoin, Gold, Hard Assets! üíé) Crypto This Week! üìÜ",HgsVcaUIpNU
674,Bitcoin News Hype? üí• What‚Äôs ACTUALLY Going On üßê (Fed‚Äôs Step-by-Step Plan üîç to Hijack Crypto! üòà),xaqhOO-VJxY
675,How Digital Assets Will Make You Rich ü§ëüí∞ (Simple Ways to Prepare for the New Blockchain World üåéüìñ),0ITPtnSHK94
676,AI Crypto Trading Strategy ü§ë Ultimate 2025 Passive Profit Machine üí∏ (AI-Enhanced Crypto Trader ü§ñüí•),TkgH_Dfxi6Q
677,What is DeFi in Crypto? üßê Decentralized Finance Explained! üß† (Ultimate Beginners‚Äô Guide on DeFiüìö),e9Eg0CmboFU
678,Buy Bitcoin in Canada: How to Buy Cryptocurrency with BitBuy Exchange in 2021 (For Canadians!),y9TSHcSE6rU
679,WORST Week in Crypto History üò∞ (GET OFF EXCHANGES! üö®) Major Contagion! ‚ö†Ô∏è,T0jHyVx-YT0
680,Crypto Wallets Explained! (Beginners' Guide!) üì≤ üîë (2025 Edition!) ‚≠ê‚≠ê‚≠ê‚≠ê‚≠ê Ultimate Step-by-Step! üòé,wWnUvCNeYEo
681,"Hello, I'm Crypto Casey üëã Welcome to my YouTube Channel! ‚ù§Ô∏èüññ",Izv7Vt0Y41A
682,What to Look for When Buying Crypto üöÄ 2024 Crypto Investing Strategy üìà (With 1 Simple Tool! üîß üëÄ),oNttIZVCUWk
683,FedNow Launch! üö® Most Banks Unprepared üè¶ SEC Rejects BTC ETF üò° (Bullish Web3 News! üëç) CRAZY üòõ!,vbACvrPqAGc
684,Kraken Pro Full Review! (Watch First!) (2024) üêô New Trading Platform Just Launched! üí• (Walkthrough!),C4MKdHtA5qI
685,How to Pick Crypto in Bear Markets üìà üòé Ultimate Guide to Dollar-Cost Averaging üéØ,7-1f0ZKTbeo
686,Bitcoin to Hit $100k BEFORE Halving in Q2 2024? üöÄ (Why it‚Äôs Possible! üëÄ) Crypto News this Week! üóûÔ∏èüóìÔ∏è,O2T032jOhyc
687,"Bitcoin Halving Aftermath ‚úÇÔ∏èüí• Boom or Doom? üé¢üöÄ What‚Äôs Next for Crypto? (BTC Dominance, Altcoins‚Ä¶ ü§ë)",sHa9ju_Sw-w
688,Is Your Crypto Secure? (Secure it Now!) - Easy Ways to Protect Your Investments,7f997oTdb04
689,How to Manage Cryptocurrency üìà¬†2024 Beginners' Guide üöÄ (How to Prepare & Secure Crypto Investments!),NriyqPXuOLc
690,What is SIM Swapping? (In 1 Minute!),9rOJLeJKo3Y
691,Top Blockchain Gaming Picks (at 90% Discounts!) üïπÔ∏èüí• Bear Market Crypto Gems! üíé (#DCA),FG56yPCZeRM
692,4 Phases of Crypto Mastery üí• 7 Types of Investors that Struggle üëà (Beginners‚Äô Guide! üìïüöÄ),PbKFHKgLlMI
693,Bitcoin to $90k by Halving? üöÄ Parabolic Curve Chart Formation üìà (Crypto Market News & Predictions ‚úÖ),V6bIf8lSSSs
694,SIM Swapping Scam üö® Draining Banks üè¶ Stealing Crypto üí∞üí® (Efani ONLY 100% Protection! üîí) #efaninow,srfBqNuhnkY
695,Ledger Nano S Plus!! üí• It's Here! üòÆ‚ûú Unboxing.. + Full Review! ‚úîÔ∏è‚ùå (Bonus: S Plus vs. Nano X?) üòé,eyFRdkqTLKc
696,Crypto Investing Strategy 2024 üèÜ (What to Look for When Buying Crypto ‚úÖ) Ultimate Beginners' Guide üìà,4hLCQpZuDtw
697,2023 Recession? üìâ Or Raging Bull Run? üí•üöÄ (Fed‚Äôs Message to the Market üìù) - Crypto This Week ‚≠êÔ∏èüìÜ,vCSfkjBBXpo
698,#1 Risk to Crypto Investors (That No One is Talking About!) - URGENT! SIM Swap Prevention #efaninow,n02mvw-EYvM
699,Bitcoin Book ‚ÄúSoftwar‚Äù BANNED! üö® National Strategic Significance of BTC ü™ñ (Most Efficient Weapon? üí£),D6s_MjAHYdI
700,How to Emerge From Bear Markets... Rich üí∞ Why This Time It's Different! üí•,BLzFYExz_3w
701,Next 10 Days BIG for Crypto! (Recession Soon?) - #Crypto This Week,KkEB9675HI4
702,The bitcoin vs xrp situation summed up - what you need to know!! [...more],g9OuXg6TXN4
703,"Best Coin to Buy Now? üöÄ Crypto Altcoin Wave Soon! üåä  (12 Gaming, AI & Meme Coins for Big Bull Run üé≤)",x_VvCuc8M78
704,Why Bitcoin is Inevitable üöÄ Global Elite‚Äôs Agenda üåé Driving Crypto Adoption! (We Will Prevail! üèÜ),VP2ZzfGzZwE
705,Bitcoin to $100K in April? (ETH Exploding Soon!) - Last Week Crypto,GH4ozhxNXM0
706,Crypto Market Bloodbath! (End of Bull Cycle?) - Last Week Crypto,WTl_CbtpNtM
707,Bitcoin Price About to EXPLODE? üìà Altcoin Season Supercycle Incoming? üî• (Crypto News Today ‚úÖ),JF895KMsXIw
708,How to DCA (Dollar-Cost Average) ü§ë Into Crypto Market! üìà (Ultimate Strategy Guide for Beginners! üöÄ),my-3U0ayWjY
709,When Next Crypto Bull Cycle? üí•üìà 18+ Months to Buy Bitcoin?! ‚è≥ (My 2023-2025 Market Predictions üîÆ),Ys9FPvbSGAY
710,How Crypto Investors Get REKT! (9 Common Ways),Z_aI0ltJTBs
711,BITCOIN HIT $100k üî•üöÄ  Altcoin Surge Incoming  üåä How to Ride the Wave to Massive Profits ü§ë GET READY!,vxEOexU3yoU
712,"What's Next for Crypto? ü§îüö® Terra Luna UST, USDT Depegs.. Further Downside? üìâ (#CryptoThisWeek) üöÄ",vNzkR5EwBzk
713,Central Banks in a Nutshell üå∞ Perpetual Profit Machines üñ®Ô∏èüíµ (Federal Reserve Created in SECRET!),J61TwspWOLo
714,Why Bitcoin is Going UP! üìà Altcoin Trading Strategy for GAINS üöÄ (2024 Step-by-Step Guide üìö),UN8nhBeICSI
715,Bear Signal Flashes! üö® How To Play The Rest Of 2023 (#1 Strategy and Mindset!) üí∞üòé,SvVhrcvtPiQ
716,Ethereum Merge üí• (What to do BEFORE & After! ‚úÖüëÄ) BEWARE Replay Attacks? ‚ö†Ô∏èüò±,1FLDwvr8frw
717,Crash Wreaking Havoc üí•üò± Crypto Collapsing üìâ (Who are the Next Victims? üîçüëÄ),OPrF61c-olk
718,SEC Sues Coinbase & Binance üö® Operation Choke Point 2.0 üí• (Secret Plan: JP Morgan Steals Coinbase?),W9bPpy9WUw8
719,How to Use Decentralized Exchange üöÄ DeFi Guide üìà (9 Easy Steps for Beginners!) ‚úÖ Crypto Trading DEX,x8ZPT9nsQ0E
720,Last Week Crypto - Buy Bitcoin Before Sept 7? (Gold Worthless Long Term?),uKhufOX1Cfo
721,Bitcoin to Crash? üìâ Spike? üìà Sideways through Dec 2023? üìä (Tides Turning Pro-Crypto Globally! üåé),VN5ZhiJd9Wc
722,Fed to Do 1 of 4 Things! üí•üëÄ Rally or Rug Pull? üìàüìâ (A.I. Crypto Scams! üò±) - Crypto This Week! üìÜ,-r9hx9VFLxw
723,NFTs: New Asset Class (Non-Fungible Tokens) - Beginners' Guide,zIdgXDfxA7s
724,"This Crypto Dip üìâ Golden Opportunity? üåü Altcoin Strategies for Massive Gains üìäü§ë | Be Brave, Get RICH",-u6GHMhGOLA
725,How to Choose Altcoins for *Potential* Gains ü§ëüé≤ Reality of Crypto Market Casino üé¢ (6 Strategies! üìä),vJ9XZw_OzWE
726,Bitcoin Trump PUMP! üá∫üá∏ What's Next for Crypto? üîÆ (A New Era for Bitcoin & Blockchain Under Trump üî•üöÄ),1d4uCcDuTT8
727,Rothschild & their history of control! [...more],wrui4mbMMEY
728,New Post-Crash Crypto Portfolio? (Buyback Strategy!),dC9L0HCsPHI
729,Bitcoin & Crypto üåü Trump in Office üá∫üá∏ (Pro-Crypto Agenda in Full Effect! üöÄ) HUGE WINS! Crypto News üì∞,AhvHQiQ9_Rg
730,Bitcoin Price Chart üö® Shooting Star Pattern üí´ Bullish Boom or Bearish Doom? üîÆ (Candlestick Analysis),eWYOAQ57Z_A
731,"The Ledger Ecosystem! üîêüí• Next-Gen Platform For Self-Custody ‚ö° (Buy, Sell, Trade, Stake, & More‚Ä¶! üöÄ)",KgAtpbimP2I
732,ALERT: Power Grab Underway!! üö®üí• The Fed's Plan Revealed! üòÆ + $1 Trillion Coin? #firstrepublic,Zsw4geSPhWU
733,Bitcoin Price üöÄ Altcoin Season 2024? üìà Crypto Market Cycles & More‚Ä¶ (Ask Me Anything Questions ‚úÖ),clatIqs5U2U
734,Bitcoin in Bear Trap? üêªüöÄ Or Crypto Market Crash Soon? üîÆüìâ (Understanding Crypto Market Trends! üìäüîç ),rMAiysM37YI
735,How Crypto Investors Get REKT! üí• 9 Common Ways People Lose Money üí∞ (& How to Avoid Them ‚úÖ) #Crypto,dRBLOjAb_hc
736,Crypto Market Crash üö® Why Bitcoin is Tanking üìâ (6 Main Reasons) Panic? ü§Ø NO! Stay Bullish for 2025 üöÄ,_ieoPw1uBH8
737,Jerome Powell Testimony ü§° What Crypto Investors Need to Know ‚úÖ (‚ÄúEverything is Fine‚Ä¶‚Äù is a LIE! üëø),SdLwM5CosaQ
738,"Bitcoin Price Suppression! üòà Wall Street's Fake ""Paper ‚Çøitcoin"" Exposed! üí• ($100k Real Price?) üöÄ",Y3u2yXQK3Uk
739,Why DCA-ing in #BearMarket üêª is More Profitable ü§ë than Bull Market #Crypto #Investing #DCA,OEoLOIiSeXk
740,Bitcoin Price Exploding [WHY?] üöÄ Spot Bitcoin ETF & Halving Soon! üìà Ethereum Next? (Crypto News üóûÔ∏è),2Wk3TIZSvBw
741,Bitcoin: Quiet Before the Storm? üìâüìà Exploring Crypto's Next Big Moves üöÄüîç  (Altcoin Season Analysis!),lIpRpBd76Pg
742,Bitcoin Latest News! üö® SEC Losing Crypto War? üí™ CBDC Talks üëø (Billionaires Selling Stock & More‚Ä¶),dNLwf3k53Pc
743,What is #Web3? (In 45 Seconds!) #shorts,CDEtb78V55w
744,Bird Flu üê¶ Next Global Pandemic? ü¶† ‚ÄúGreat Reset‚Äù Underway... Money Printing? üî• (Bitcoin Safe Haven!),kGTw0HMeduQ
745,Bankruptcies Run Amok üî•üò± Where is the Bottom? üîçüëÄ  (Recession Confirmation July 28th? ü§î),T0ZpYMoi65g
746,Fed Hides USD Supply Data (DogeCoin to $1?) - Last Week Crypto,ng3fQWsPfmQ
747,Will Crypto Be Killed? üíÄ Why Ripple Case Is Critical! üí• Plus: Bank Liquidity? (Crypto This Week! üìÜ),oWpAlc0HjO8
748,Crypto Bull Run Oct? üîÆ üöÄ Altcoin Season Strategies üåüüìä Bitcoin to $100k Nov 17th? üëÄ (Ask Me Anything),glMnssw83HY
749,Next Cryptos to PUMP? üí•üìà (In the Short Term? üé≤) Watch BEFORE June 5th! üóìÔ∏è - Crypto This Week! ‚≠êÔ∏è,lg38QnBUMEo
750,Binance Cancels USDC ‚ùåüëÄ Bank of Russia Legalizes Cryptoüí•üè¶ (NEWEST NFT TREND? üëà) - Crypto This Week üìÜ,BqJgPIuVV2g
751,Bitcoin Bullish News! üêÇ üí• Fiat Money Scam Exposed üëø (Hyperinflation of USD Soon? üò®) Crypto News,LaXY-ie3obs
752,Bitcoin Destroying Environment? (Or is Fiat Worse?) - Last Week Crypto,xdFpxfo2KDc
753,Bitcoin Price Predictions üîÆ All-Time Highs? ü§ë Price Drop Before Halving? (Ask-Me-Anything Answers ‚úÖ),WUQFGaIwKyQ
754,Bitcoin Price Suppression? (Wall Street Antics!),DzqZaW1es7w
755,FedNow System üö® Bad for Banks & US Dollar Hegemony üá∫üá∏üåé (Stronger Crypto Use Case! üî•) #bitcoin,adlxSf_2UQg
756,Stock Market Crash Soon? (What About Crypto?) - Last Week Crypto,6OO7hiNr0CI
757,Crypto Adoption & Development is on Fire! üî•üòé (Is the Bottom In? ü§îüìâ) #CryptoThisWeek üìÜ,GtwmUb4mCa0
758,Which Market Phase Are We In? ü§î How Low Can We Go? üìâ (Crypto Cycles Explained! üöÄ üåï),uBfhoT0dmcw
759,Why Investing is Crucial‚ÄºÔ∏è to Creation & Protection of Wealth üõ°Ô∏èüí∞(Gov & Banks Keep Us Poor! üö®),onxNqr0s2Ag
760,"Crypto Market Bottom üìâüëÄ (My Random, Wild Guess‚Ä¶ üí™üòõ) March 25th, 2023 üëàüî•",cz0jyo429N0
761,Exchanges Running Out of Ether! (ETH to Explode!) - Last Week Crypto,4rOPgHAfPnw
762,Market Bleed-out Underway? ü©∏üìâ ETH Merge FUD! üßê (Important Sept Dates! üí•üóì ) Crypto News üóû THIS WEEK!,k8kqmZcNCBc
763,How to Invest & Build Wealth ü§ë Alternative Investments to Crypto üöÄ (11 Types of Investments! üìö),7YbLVAc10PM
764,SEC & Congress on Cryptocurrency! (Crackdown?) - Gensler vs US Senate,R4UVyp21ac4
765,Banks Need Bitcoin Now (More than Ever!) - Last Week Crypto,w9c6i-0tiek
766,Ledger Recover Explained by Experts üß† Top 3 Concerns Revealed üëÄ (What Ledger Users Should Do? ‚úÖ),BwO8QOnksBw
767,Bitcoin News üóûÔ∏è Financial Disaster Looming? üò± Hyperinflation in US? üìà (How We Got Here!) Crypto News,gYO_jCJrg5M
768,Bitcoin Flips Bearish! üö®üêª Crypto Market Crashing üìâ (How to Navigate Crypto Dip üöÄüí∞) Crypto News Today,D3fCB1CGbAM
769,Crypto Shakes Up 2024 Election! üî•üèõÔ∏è Reshaping US Politics? üá∫üá∏ (Will Crypto Be Deciding Factor? üöÄüó≥Ô∏è),CLbWuNwHCvU
770,Blockchain & Crypto to Save Us? üò≥üåé (How Corporate Personhood is Destroying the World!üí•‚òπÔ∏è),AQTahigsed4
771,Technical Indicator üìà Close to Flipping Bullish!? ‚≠êÔ∏èüêÇ (Time Running Out to Buy Bitcoin? üí•‚è≥),_ThemM-1nDs
772,Crypto This Week! SEC & White House Making Moves?!üí•üëÄ,VchKG0gr_4A
773,Bitcoin to $100k in 2024? üöÄ Crypto Market Peak Sept 2025? üéØ (56 Weeks Left?!) üîÆ Bull Cycle Analysis!,yq78xjzbLUE
774,Crypto is Global üåé Bitcoin is INEVITABLE üöÄ (US Far Behind Crypto Race! üá∫üá∏) Who is Winning? üèÜüëÄ,PQuD9JxO3tM
775,USD Inflating into Oblivion? (Can BTC Save Us?) - Last Week Crypto,dM2koBtHcqI
776,Bearish Short-Term Crypto? (Bullish Long Term!) - Last Week Crypto,-5sNHmQgNLM
777,Hardware Wallet vs Exchange? (In 1 Minute!) #shorts #crypto #cryptocurrency #bitcoin #cryptowallet,i3CBccj4-c4
778,Crypto Action for Beginners & Experts! ‚úÖ How to Increase Bitcoin Adoption! üî• (& Spread Awareness!),a9Hm39WkLN4
779,MASSIVE Global Change üåç New Pandemic? mpox üö® Operation Choke Point 2.0 üö© Soviet Union Policies in US,oWMOB8l6PEk
780,What is Bitcoin?. üëÄ Ultimate Beginners‚Äô Guide! ‚úÖ (EUREKA Moment üí•) You Will Understand Bitcoin! üíØ,2955f4J36uc
781,How Bitcoin Works ‚úÖ Structure of Bitcoin Blockchain Network üíª & Transactions (In 54 Seconds! üöÄ),I14UetBUaTQ
782,This Tool Is A Gamechanger üö® How To Keep Your Crypto Safe üîí (Wallet Guard Walkthrough!),cSfoKrKZSHk
783,How To Build Lasting Crypto Wealth üåàüí∞ Real Skills Vs. Quick Profits üé≤ (Where To Start?) üí° #sponsored,ESTnVEm6CaI
784,How to Spot Common Scams in Crypto üîçüëÅ (And Avoid Them!) üëå Plus: Pig Butchering? üê∑ üó°,geBFZ_vlsCs
785,September Shake-Up: Bitcoin's Dip & What's Next for Crypto | Insights & Predictions,-K4m9aAJnO0
786,Crypto Guide for Success ü§ë In the New Bull Market üìà (7 Steps to Financial Freedom! üöÄ) Watch Now!,8c-IcmtHhLI
787,US Government Will Not Ban Bitcoin (But Will Do This...) - Last Week Crypto,VlUaACpFeD0
788,Huge Week for Crypto! (Stagflation Scare?) - #Crypto this Week,p--GP75qeSY
789,How to Buy Cryptocurrency üì≤üí∞ #1 Ultimate Beginner's Guide! üëë Step-by-Step: Buy & Secure (2025) ‚≠ê‚≠ê‚≠ê‚≠ê‚≠ê,GcvGl5a1jf8
790,Rekt or Rich? (Day 1 & 2 Trades) - $10k to Tesla Roadster,0c093u3iVzs
791,My Biggest Regret In Crypto [...more],tZzYdlCnxA8
792,Bitcoin to Over $100k in 2021! (Ether to Over $1k!) - Last Week Crypto,tvakit8XBIE
793,Cantillon Effect üëÄ (Money Printing Explained) üí∏ Rich Get Richer üí∞ Poor Get Poorer üö® Protect Yourself,L7aFARtg9d4
794,Millionaire‚Äôs Reading List üìö (3 Life-Changing Books ‚≠êÔ∏èüòé For Becoming Successful! üí•üöÄ) - IMPORTANT!,mWwz0sjhJNU
795,What Layer 1 Means in Crypto (In 56 Seconds!) #shorts,tmdbK19XZNQ
796,Globalist Agenda Exposed! üåé Orchestrated Systematic Destruction of Society üí•(Explained in 1 Min!),w3zfeWumSsE
797,Crypto is Under Fire üî•üò± When Will the Bear Market End? üêªüìâ (Crypto This Week! üóì),fF_Mv1UQgfo
798,Israel Hamas Palestine War ‚ö†Ô∏è How WW3 Would Affect Investors üåé (Crypto News in 51 Seconds! üóûÔ∏è),4Mt2jhUZRpI
799,USA‚Äôs richest men had a secret meeting! [...more],F1QK8DQvOy8
800,Can Leverage Push BTC to $100k? (In a Bull Trap?) - Last Week Crypto,9B4lj-UYAuA
801,Blockchain Will Be EVERYWHERE! üåé (#CryptoNews This Week! üóû),TfSdVKqIRD4
802,Bitcoin‚Äôs $70k Struggle üìà What‚Äôs Holding it Back? üìâ (Can it Surge to $90k? üî•üöÄ) Crypto Market News üåê,x2TYSnIYimY
803,Is this the new world order klaus schwab! [...more],76XnZyLD8jM
804,What‚Äôs Next for Bitcoin?üßê (Crypto This Week!) üóì,WPJjl3Cv2G8
805,Ukrainian Crisis & Crypto? (Price Affect?) - Short-Term #Crypto Price Predictions,vRz6--jVPII
806,Crypto Market Q1 2022 Outlook? (FOMC Meeting!),EUYr1R8WZKc
807,Never do this with your bitcoin [...more],NER9EJLCRLc
808,Andrew tate on bitcoin! - bullish or bearish! [...more],XrofKca5anc
809,Trillions on the Sidelines! (Dip or Moon?) - Last Week Crypto,KETtCXMjohk
810,What ‚ÄúLayer 2‚Äù Means in Crypto (In 44 Seconds!) #shorts,I6XyfzFyh4Q
811,Bitcoin Blasts Off to $100K! üî•üöÄ World War III Tensions üåç Fuel or Foil the Journey? Crypto News Today,PBu6CMSw0Ok
812,BTC Hodling Against Stocks! üí™üòé Corporate Bankruptcies Incoming! üìâüî• (Bottom Still to Come!üí•üëÄ),1Yaocqx-Qko
813,All the Banks are Broke (Bankless Society Incoming!) - Last Week Crypto,BOdz6RMJ2qI
814,Bitcoin Amid Economic Uncertainty: Crypto Market Turmoil Ahead?  | Violent Restructuring in US Soon?,WJdVl_fj_as
815,This bullrun something‚Äôs different..,T4-7gQUuK-E
816,How the US scammed the whole world!,nq-w0-BFA5s
817,Important Crypto Tax Info! (CPA Explains!),9fBDMFJNNBU
818,Last Week Crypto - Corruption in Global Banks (Gov Cracking Down on Crypto!),AleGuA88_Ig
819,Who really started the civil war!,0Wo2N5BPD1g
820,Last Week in Crypto - Wall Street Becomes Crypto-Fearless (Ethereum Undervalued!),pCY0nGfT0AU
821,How to Save America üá∫üá∏ 3 Actions Congress Should Take ‚úÖ (United States in Jeopardy! üö®),cDqyxyeGCr8
822,Once In A Life Time Opportunity,0daJAa9s-HI
823,Bitcoin Dump Looming? üìâ US Government Selling BTC?  üá∫üá∏ (Analyzing Crypto Market Turbulence üé¢ & News),vBLqWGg2kaU
824,Types of Crypto Wallets üîê Hot Wallets üî• vs Cold Wallets üßä (Pros & Cons!) #cryptowallets #crypto,66SpwSzaY1k
825,Will this send crypto to the moon!!   more,MqUdK7horW4
826,Future of Money at Stake! üö®Harris‚Äô CBDC vs Trump‚Äôs Stablecoin üîç | How President Can Control Crypto üåê,_OxJ6ehWZ28
827,"BTC Less Volatile than Stocks! üí•üöÄ (& Bonds, Fiat‚Ä¶ üëÄ) Crypto This Week üóûüìÜ",32l-kQDZlQU
828,Heading into a depression!,U-LVBWuWgnQ
829,Fed to Destroy Banks with Rate Hike? üí£üè¶ Or Pause & Pivot? üî• (Stay Tuned for March 22nd FOMC! üëÄ),topee78qKGo
830,Last Week in Crypto - US GDP Falls by Record 33% (How to Hedge Against the USD!),RQ0etssIYts
831,Will ETH 2.0 Fail to Launch? (Price Pullback?)  - Last Week Crypto,J9kHfsZUij8
832,Bitcoin: US Election Predictions üîÆ Crypto Market Analysis üìä (Your Crypto Questions Answered! üåü) AMA!,6ON_9HxpMHc
833,Last Week in Crypto - US Deficit Up 100X to $863B (BTC's Secret Ally?),PEvuaVq7LdU
834,Debt Crisis Looming! üö® Economic Bubble Bursting Soon? ü´ß (Tulip Mania üå∑ Memecoin Mania üê∏ Next‚Ä¶?),ruERYK6fM_E
835,Banks Lend Out or ‚ÄúInvest‚Äù Our Deposits üè¶üí∞ Massive Losses Due to Treasuries Decreasing in Value üö®,AKhdYM6m-4s
836,Crypto Wallet üí≥ Tangem Hardware Wallet üöÄ Easiest Crypto Wallet to Use ‚úÖ (90 Seconds to Set Up!),bI8PuRNK9qw
837,Merry or Mayhem Holiday Season Q4? üéÅ (Global Market Meltdown? üåé) Crypto This Week! üóìü§ë,D4eS5W2y9qw
838,"How Crypto Investors Lose Money! üö® (Top Hazards, Scams, Mistakes!) üí• Full Investor‚Äôs Guide 2024 ‚≠ê‚≠ê‚≠ê",Ri6WuRonoaU
839,Bitcoin $100k predictions!,rqd1bUFLVNg
840,Super Bullish BTC Predictions! (BTC to $1 Million in 5 Yrs?) - Last Week Crypto,5I2oh5726eQ
841,How to Research Crypto Projects üîçüëÄ (Beginners' Checklist! ‚úèÔ∏èüìë) Case Study: Jadu AR Project üéÆüïπ,kB6DoHByHO0
842,Bitcoin vs Ethereum Explained ‚úÖ (In 56 Seconds for Beginners ‚è≥) Different Blockchain Use Cases üîç,uWWahRV6S_Y
843,Bull Cycle Final Stretch,Qr6SQFwvcAs
844,Is there Enough Bitcoin? üßê With a Fixed Supply? üëÄ (Divisibility & Denominations of Bitcoin! ‚úÖ),WV9FasTIjvI
845,Is this the worst thing that could happen to crypto!,chXoPi23AhE
846,Impeccable timing üé• üí•,lfW53KVHxZs
847,World Economic Forum Agenda üåé 8 Predictions for 2030 üö® (Be Aware & Prepare! üí™),qkdTUB4yFeM
848,Bitcoin Decoupling from Stonks! ($20k BTC 2020?) - Last Week Crypto,QS_MavN9ydM
849,Banks Create Money üíµ üí∞ Out of Thin Air üí• (Huge Impacts on Economy! üîéüëÄ) #shorts,aQ3Q00hRZeo
850,US Government Antics Bullish for Bitcoin! (New DEX Launching!) - Last Week Crypto,0ze7Xo-90OE
851,Bitcoin & What Money is - GOOD! üåü Not Evil üö´ | The Money Speech üí∏ from Ayn Rand‚Äôs ‚ÄúAtlas Shrugged‚Äù üìñ,BMiX7ycgq38
852,Most Exciting Aspect of Crypto üí∞üëÄ (Not Buying Low to Sell High Later! ‚ùåüìà) #shorts,9xH9UOWSXxY
853,Will Donald Trump do the unthinkable [...more],bQ6pNAMTXMk
854,Implications of Bitcoin üöÄ on the Future Global Financial System üåé (New Innovative Asset Class! ü§ë),J1OWhg1VtoI
855,What is Decentralization? (Cryptocurrency BlockchainTechnology) #shorts,aOO5niIQ40E
856,Spaghetti & Meatball Bolognese Recipe (Better than Gordon Ramsay?),f0OHE5bVMRI
857,3 Tips To Help You Through This Crypto Cycle,973m37iiRyQ
858,Trump‚Äôs 4D Chess Backfires? üß® Bitcoin Safest Asset? ü§Ø (How to Prepare for Next Wave of Wealth! üåäü§ë),f5Dy6B5rM98
859,#1 Reason altcoins are dropping [...more],jV_6gVp6mNY
860,US Dollars are Debt üí∏ Issued & Declared by the Government to be Used for Transactions in the US üíµ,v0H2cGnXPk8
861,Top 5 People to FollowüèÜüéØ (For Business Inspiration üí° & Personal Growth! üòé) GAME-CHANGING! üí•‚úÖ,apY6Cq1BmWI
862,How to Protect US Dollars üí∏ From Bank Failures üè¶ (Important!üö®),v8cvZErg3z4
863,Bank Runs Continue üè¶üí∏ As More Banks Collapse üí£üî• (Deutsche the Next Domino? üö®),z7Fc0DnJ7l4
864,New Crypto Government - will this change everything,XOritn_Xo9o
865,Are they are trying to control us,kXuRF8Yrr4A
866,Ledger Recover: Innovation or Overreach? üö®ü§î Controversial Service Explained üîç (Full Analysis!),iWMZOIpzGMA
867,Everything we THINK we own.. is NOT in our control!,oesH7dWb5pY
868,Will President Trump do the unthinkable [...more],I_DZJagS1CM
869,How to Exit the Bull Run Effectively,OaKLAPya4gI
870,Support Pro-Crypto Policy! üí™ 3 Simple Steps ‚úÖ Only Takes 5 Min! (Get Active for 2024 Elections üá∫üá∏ üö®),0E7cN1GhkMY
871,Is this the last stretch of the bull cycle,CRnYt8YYahQ
872,USA Selling All The Bitcoin,hVtRlO1_JVg
873,Metal Pay App (MTL) Overview of ‚ÄúLibra Killer‚Äù,8VvLpK17uG8
874,Now that is Passive Income!,XQzFP9VgDvo
875,US Dollar is a Global Fiat Experiment üß´üî¨ (That is Failing üí£üí∏) All Fiat Currencies Go To ZERO! üëå,ZCf83oMsMzI
876,4 Things Affecting Crypto Markets,6XLIBfjUV9o
877,Don‚Äôt lose it all in crypto!,RRbd6JsJG_g
878,Why trump wants tariffs,iUsX3yQhYTw
879,Last Week Crypto - DeFi Food Meme Mania (100k Specials & Giveaways!),lvc40FOEDX0
880,The US Could Send Bitcoin To Zero,OYZ8XMZedGc
881,US Might Kill Crypto,SceCZ2w55t0
882,10 Things he said he will do for crypto,NTcG5BdG7qE
883,FED EGO Destroying Global Markets!? üí£üåé (Brace for More Pain Ahead! üî™ü§ï),3pRdmTARwPk
884,Subjective vs Objective Value (In 1 Minute!) - Beginners‚Äô Guide #shorts,QxZZBljkL64
885,How to Protect Your NFTs (#1 Most Secure Way!),H5IBhHTWFHY
886,Trump killing tax this changes everything!!,aqpke-Ij220
887,Trump banning CBDC‚Äôs - Is this bullish,t0I5rkkWKJY
888,How the USA scammed the world [...more],P8HJyEOYC3c
889,I Got Scammed In Crypto,G6V5tYacegc
890,Digital Dollar Incoming could this be!    [...more],y9uHN_nkmZU
891,‚ÄúAre Tariffs a Hidden Bull Signal‚Äù   [more],z0f_M9-PeSw
892,SIM Swapping üëÄ People Losing Everything! üö® # 1 Risk to Investors ‚úÖ Efani Guaranteed Solution!,6mqzRqLp27w
893,Going Down the Crypto Rabbit Hole üêá üï≥Ô∏è Requires a Growth Mindset üå± üß† (Watch Out for Fear Mode‚ö†Ô∏è),yl6e9oKhK0U
894,Stocks vs crypto are they the same,xZk5CO5T5EI
895,What Makes #Crypto Revolutionary? ü§î (Not the Tech! üßë‚Äçüíª) - In 45 Seconds ‚è±Ô∏è #shorts,mg0hLDBtnTg
896,Bitcoin 2025  bullish or bearish - my predictions,BniFbutDVRY
897,New Pandemic Mpox!,aDFSKQT7GB8
898,People were Wrong about the Internet ‚ùåüíª (And People are Wrong about NFTs! üí•üöÄ) #shorts,HN4JYP6BzIU
899,What is a Bear Trap - Crypto,sCgOHKRGIas
900,Why #Blockchain Tech & #Crypto are Revolutionary üí° (In 1 Minute!) ‚è± #shorts,qduJLzn0Rjc
901,Bankers exposed!! by Elon musk [...more],XoZSmF5rvP4
902,Crypto Cold Hard Truth,mL2IE4odqec
903,Ethereum ETF Approval? üí•üöÄ What to Expect with Price Action üëÄ (Similar to Spot Bitcoin ETF?),PZOYM774de4
904,Easiest Crypto Tax Software? üìë CoinLedger Walkthrough! (2024) üéØ Simple 3-Step Process! üí•,21cQEabDMEU
905,Is the dollar backed by oil,vu7FO1qEzOo
906,"Get a Free, Secure, Fresh Email Address from Proton! üìß Safely Manage Crypto üîí [Link in Comments] ‚ûú",xSuXm5HdOkU
907,Here‚Äôs the Truth Altcoins Dead,BM8k2trapaM
908,EU is such a joke,l_vZTUwvJ8M
909,Red Flags in Crypto üö©üëÄ (Beware of Clones & Use Cases Not Suited for Blockchain! üßê‚ùå) #shorts,xRzhl7GVhDw
910,Psychological Principles üß† to Keep in Mind on Crypto Journey üöÄ (Laws of Control & Attraction üß≤),I8x5JKWyKVE
911,Billion-Dollar Industry ü§ëüí∞Now on Blockchain üî•üëÄ (Fantasy Sports Platform: Sorare! ‚≠êÔ∏è‚öΩÔ∏è),Bp_UvM75wHY
912,üêà‚Äç‚¨õüí•üëÄ,vs6EpAVnszw
913,3 signs the Bull Run Is Over,dnLYjiUPmT4
914,How to take profit in crypto,9BQEEw9hymo
915,War & Sovereign Debt Cycle üîÑ Private Banks Fund Wars to Keep Us In Perpetual Debt üí∏ üè¶ (Be Aware!),Luhq3YHAiFI
916,Are the central banks stealing your money!,zaee73geoKI
917,Fed Actions Created Inflation üìà Asset Bubbles ü´ß Bank Failures üè¶üî• Global De-Dollarization üåéüí∏!,4e2dh9153bQ
918,The great reset covid - 19,qynr-wRxNeU
919,What is a ‚ÄúToken‚Äù in Crypto? (In 50 Seconds!) #shorts,HhR_iKOgmmE
920,Political Plans for Market üá∫üá∏üëÄ Bullish Next 12 Months? ü§ë (Or Will Fed Pivot Too Late? üö®),pdczC-ph4og
921,How Banks Actually Work üè¶ They Borrow Our Property without Consent üí∏ We Take All Risk & Losses üö®,yhBHqWaQzac
922,Banks Unequally Distribute Money üö® to Politicians & Corporations üëø (The Cantillon Effect! üí∏),eG0vjMBBlKE
923,Is The US Collapsing?,dexv-i-qJ00
924,Trump‚Äôs Coin iMore Than Just Hype    [...more],yNoVMpdannE
925,Trump win affects on crypto,XK2MwqD6c0w
926,"Decentralization Pillar of Blockchain üòé Bitcoin, Ethereum, & Crypto üöÄ (Explained in 55 Seconds! ‚úÖ)",c0S437NeUeU
927,Crypto Get Rich Quick!,sGjUeJVHCC0
928,How Crypto Wallets Work üí™ (In 42 Seconds! üöÄ) Simple Analogy for Beginners üìö #crypto #bitcoin #btc,TpqIINRNK10
929,Crypto 2025 bullish or bearish!,uJR_scxVwt8
930,3 Best Things to Focus On üí™ üß† During a Bear Market üêª üìâ (To Increase Income üí∞ üòé ),6f-zHs6kwF8
931,Equity and Equity-Based Assets (In 1 Minute!) #shorts,UHDGcc5fYow
932,Is this how true wealth is made,IUqrFgWR_k8
933,How Bitcoin Mining Works üß±‚õèÔ∏è Mining Rewards for Verifying Transactions ‚úÖ & Securing the Network üîí,sXyGBS6dSmo
934,Two Forces Always at Play üß† in Our Minds on Our Crypto Journey üöÄ (Be Aware of Them! üëÄ) #bitcoin,rTL1K7e7HT4
935,Crypto going mainstream!!,VaqxNs4IXyc
936,Does trump really like crypto,toagutCMqI0
937,"Money made at the expense of the weak, or is it?",lv4OVSMrpQ8
938,AI-Driven Trading Bot!! üí∞ [...more],yNhLpyfJeJ8
939,Is money the root of all evil,K008CId1trU
940,The World Is Changing!,apndbDUFk50
941,"Keep this in Mind üß† Consciously, We Want to Learn New Things üí´ (Unconsciously, Stay the Same! üëÄ)",HBCukR_BFzw
942,Why bitcoin is changing the game!,SkKsHuTMQyk
943,Is the US Economy About to Collapse   [...more],zuR6Yb9Dbj4
944,#efaninow How to Prevent SIM Swapping üì≤üëç (100% Guaranteed! üíØ‚úÖ) Protect Yourself with Efani üëà #shorts,iEsIe03ni1M
945,Trump Vs Kamala Media Bias Shocking,lja0O-tOAf4
946,Smaller Units of Bitcoin üëÄ Allow Us to Own & Use Fractions of Bitcoin üëç(Quadrillions Globally! üåé),Cgcomkqjeig
947,Tokens to BUY NOW !!!,Aseg6_2eB0I
948,How To Trade Bitcoin On Bybit | Complete Tutorial & Review [Step By Step],VGLKt3GNIec
949,1 Minute SCALPING STRATEGY Makes $100 Per Hour (BUY/SELL Indicator),VOLXKXAReGI
950,BYBIT TUTORIAL: How To Trade Crypto In 2024 [Step-By-Step],_1M5gag_Zm0
951,0.1 Bitcoin Will Make You RICH!!!,PDTno2ReXLA
952,BREAKING NEWS: DONALD TRUMP BUYING BITCOIN??? | [April fools JOKE],KvtS4c1qZ_c
953,I just bought a Bugatti with #Ethereum!,7-HcVUn3Hm8
954,Chris MMCRYPTO BITCOIN PREDICTION üò±,GmvZNWSoc3U
955,"DOLLAR COLLAPSE COMING!!!! Bitcoin Could Reach $700,000 THIS YEAR!!!",V_d0bEOYVx0
956,"The Bitcoin SUPER CYCLE!!!! $1,000,000 By The End Of This Year",UHBSbtsEt-Y
957,ELON MUSK & TESLA IS BUYING BITCOIN!!!!!!!!!!!!!!!!!!!!!!!!!!!!!!!!!!!!!!!!,FvyNkzIp6QY
958,"HOW TO BECOME A MILLIONAIRE IN ALTCOINS WITH $10,000!!!! @elliotrades_official",AZaDtAqKuHs
959,I‚ÄôM BUYING THIS ALTCOIN TO MAKE 10X !!!,g5ryS6kuVw8
960,Bollinger Bands Trading Strategy (92% Win Rate),YLQ88JCVYnk
961,80% Of All Traders Fail At Trading...,bD4em0tfBuY
962,"THIS WILL BE MASSIVE FOR BITCOIN, ETHEREUM, POLKADOT & CARDANO!!!!!! @CryptoZombie",yURfNifZft8
963,3 ALTCOINS TO MAKE 30X IN 3 MONTHS,Lfl0CZD_dQU
964,"ETHEREUM TO $100,000 THIS YEAR??????? Insane Ethereum Price Prediction By @IvanOnTech",DxKgpz96W5Y
965,üö® HOW TO MAKE MASSIVE GAINS WITH PROPER RISK MANAGEMENT!!! [bitcoin trading],AbRFl9ZXyqc
966,Carl Runefelt LIVE On CNBC | Bitcoin As An Inflation Hedge,m8NNW_5Ju-s
967,TOP 5 CRYPTOCURRENCIES TO BUY IN 2023,3n5HDH5TwF4
968,TOP 3 ALTCOINS WE‚ÄôRE BUYING RIGHT NOW!!!!!!!!!! üöÄ,jUP1GCxClbk
969,Buy 1 Ethereum To Become RICH !!!,fRlQiL0QZEQ
970,TOP 3 Altcoins by Altcoin Daily!,we6278XHsy0
971,When Davinci will sell Bitcoin?,9oun-qgdFg0
972,ETHEREUM WILL DOMINATE ALTCOINS FOREVER!!!!!!!!! @IvanOnTech,wexP3zR45JQ
973,$12m!!! Crypto money in dubai üí∞,C9Fsm8tceyk
974,ALTCOIN SEASON: 20 TOKENS I'M BUYING NOW,dWc722Z0zEg
975,TOP 2 ALTCOINS TO BUY BEFORE ALTSEASON !!!,mPQ27GTLU8s
976,TRADING STRATEGY To Make $50 PER DAY ‚úÖ,qDNQ-WTkwv0
977,Bought A Bugatti With Ethereum - Carl Runefelt (The Moon) Explains The Multi-Million Dollar Purchase,gPYKqeEl4IQ
978,"PUT $10,000 INTO THESE 10 ALTCOINS !!!!!!!",AEMCrxBhkuU
979,I Just Paid $1 Million For This Crypto Punk NFT!!! [but here's what went wrong...],96hHc2HkZoo
980,‚ö†Ô∏è A MASSIVE BITCOIN BOUNCE IS COMING SOON!!!!! ‚ö†Ô∏è,OePx_K4FHME
981,BITCOIN TO $1 MILLION WITHIN 6 MONTHS!!!!!! With Davincij15,Y8lMZBy7ydo
982,Chatting With Lilly !!,o9ny7OcpWXY
983,I‚Äôve had a very bad week in crypto‚Ä¶ ü•∫ü§£,pj5FbC5kuiw
984,How To Become A MILLIONAIRE With Crypto In 2023!!,uKp0G74aivM
985,"üö® I Just Put $260,000 Into This ALTCOIN!!! [10x potential]",tDZDP8P_CbY
986,HE‚ÄôS SELLING EVERYTHING FOR $PEPE !!!,dnOzmik4zv4
987,Carl Runefelt EXPOSED On TV [...because of the FTX scammer],qCATotC1v-A
988,I'M BUYING THIS ALTCOIN RIGHT NOW !!!,QB1egQ6DhyY
989,How this crypto millionaire got rich ü§ë @davincij15,6FJK8up0nOE
990,I'M SO HAPPY I FOUND #BITCOIN!,PejUPoPMSC4
991,I LOST $100 MILLION!! üò±,5vnm_Kswcz0
992,THIS IS THE BEGINNING FOR BITCOIN - Carl Runefelt,DfnXb2KRzfY
993,"Bitcoin Will Go To $70,000 By Q3 2024 !!!",MhrjGV1A7tw
994,MY LAST VIDEO‚Ä¶‚Ä¶..,T654CD8ero4
995,I‚ÄôM SCARED!!!!! BITCOIN GEARING UP FOR THE BIGGEST MOVE OF THE YEAR!!!!,u4HoMbG63YY
996,When #Crypto is down and you can‚Äôt pay the bill‚Ä¶ #MoVlogs #Dominguero,fD3M2Lyhwdg
997,BUY 1 ETHEREUM TO BECOME RICH !!!,kHcVMwhbohg
998,BUYING THESE MEME COINS TO MAKE $20 MILLION,_qDF-bm5nJ4
999,"URGENT!!! ""BITCOIN HALVING"" AT ALL-TIME-HIGH ON GOOGLE!!! | MMCrypto: HUGE BUY SIGNAL!",jO9UtD7JnXA
1000,I AM GOING ALL IN BEFORE CHRISTMAS !!!!!!,xmNIj0QOl3Y
1001,AI Crypto TRADING BOT Makes +$200 Per Day (Ultimate Strategy),c-25o1crKNA
1002,[WARNING] I DELETED My BitMEX Tutorial!! Here's Why... [BitMEX Review],n2brswDaTTk
1003,I'M LONGING THESE TOKENS BEFORE ALTSEASON !!!!!,OzBtQr0VFg8
1004,1 Minute SCALPING STRATEGY Makes $100 Per Day (BUY/SELL Indicator),9LbtIN2wUfE
1005,ALTCOIN SEASON IS COMING‚Ä¶,c5RD-knUy-A
1006,THIS CHART NEEDS TO PUMP FOR BITCOIN TO EXPLODE !!!,wHuz5pIMWMk
1007,BITCOIN GOT ME INTO FORBES 30 UNDER 30! [Carl Runefelt From Cashier To Bugatti],7KfZY60blF0
1008,THIS WAS THE BIGGEST MISTAKE THEY MADE!!!!!!!!!,ID5-nEtPuQE
1009,How To Invest $10K,LFWG0536j_E
1010,THIS IS MASSIVE NEWS FOR CARDANO!!!!,Nv576vPgm-0
1011,"I Put $1,2 Million Into These 9 Tokens !!!",wov_oAQiH3Q
1012,THE NEXT COIN TO GO 10X !!!!,0jYy__SOzEY
1013,THIS BITCOIN BREAKOUT COULD CHANGE EVERYTHING FOR CRYPTO!!!!!!,1Y9jnyrGV3A
1014,selling Bitcoin today?,yZjdazqipQc
1015,How I Discovered Bitcoin!!!,IhxE39C0Vlk
1016,TOP 7 GAMING TOKENS TO BUY IN 2024 ON BYBIT,YzDTj3aD1H0
1017,"ETHEREUM TO $18,000!!!!!!! [How To Make Money With DeFi...] w. MMCrypto!",tLf88UdXt6w
1018,Where to invest right now?,OHmuS_UdHPc
1019,WHAT JUST HAPPENED MIGHT CHANGE EVERYTHING!!!!!,NqG_eNKxbHs
1020,FOX Business: Carl Invested In 350 Crypto Companies | Carl ‚ÄúThe Moon‚Äù Runefelt About Bitcoin,Bs2_pSqbG8k
1021,13 MONTHS!!!!!!!!!!! (you need to see this),-hJCcNsiBVQ
1022,Crypto bros right now üíÄ,T6JDpkj1Sw8
1023,5 Minute SCALPING STRATEGY Makes $100 Per Day (Beginners Guide),k6FJ4K92tsA
1024,THE BITCOIN BUBBLE HAS BURST!!!,9Ku0N2DMZl0
1025,"I Just Bought $180,000 Of THIS TOKEN With 150x Potential !!!",qWdgOz-G_04
1026,üö® THE BIGGEST BITCOIN TRADE ALERT THIS YEAR!!!! üö®,VJeHmAR28ls
1027,BUY JUST 1 BITCOIN ASAP !!!,76xBL0hM_zA
1028,I'M GOING ALL IN!!!,43RbVxE-BMk
1029,I'M ON CNBC TALKING ABOUT BITCOIN AGAINST INFLATION!!!!!,j6Z_6-O4k74
1030,BUY BITCOIN NOW !!!!!!!!!!!,XGpNDqXKUBc
1031,SELL YOUR MEMECOINS !!!!,AR-jQUmWGkQ
1032,"üö® BITCOIN: $260,000 IN 52 WEEKS !!!!",yBG4w0rr7A8
1033,TOP 3 Strategies To Become A MILLIONAIRE In The Crypto BULL MARKET !!!,W2w7-Xh17s8
1034,"DO NOT SELL BITCOIN UNTIL $100,000 !!!!!!!",2Ysbq6WVDcM
1035,NEXT BITCOIN TARGET WILL SHOCK THE WORLD !!!,YxsdrP3JxnE
1036,Viral clip from Tik Tok,rLWmRb-BZ50
1037,TOP 5 ALTCOINS FOR 2022!!! With @AltcoinDaily,JFQYY4Qxz3M
1038,DAVINCI SAYS BITCOIN IS GOING TO PUMP!!!!!!!!!!!,TwYrki50uSU
1039,WE HAVE A MESSAGE FOR BITCOIN !!!!!,6MrKfduseys
1040,‚è∞ THIS Chart Predicts BITCOIN PRICE PERFECTLY SINCE 13 YEARS !!!!!!!,Qr0qWXp72Is
1041,i have something to say‚Ä¶..,a0xDTz1xP3o
1042,Top 3 altcoins according to Altcoin Daily @AltcoinDaily,H0p8k-afd-A
1043,CONFIRMED: Amazon Is NOW IN CRYPTO!!! [breaking news],z1jv9_73mjg
1044,5 ALTCOINS SET TO 5X IN MAY !!!,Jy4ktrk7RgU
1045,‚ö†Ô∏è WARNING ‚ö†Ô∏è WE SHOULD ACT ON BITCOIN RIGHT!!!!!!!!!,47fuujuqy8o
1046,"I make $1,000 PER DAY With This Trading Strategy On BITFLEX",GPMl4J87vqQ
1047,Bitcoin & Ethereum Price Prediction 2027,c-Y0Kh9Bc8E
1048,UNBELIEVABLE!!!!!!!! ü§Ø,xbQJRQeuhCc
1049,"NEW DATA: BITCOIN TO REACH $1,000,000 IN 18 MONTHS !!!",Fyo7wcAS_iY
1050,I'm sorry... but this is the truth...... (about Bitcoin....),j_ijywYk4N8
1051,INSIDERS BUYING THIS RIGHT NOW !!! [Satoshi Roundtable UPDATE],GX8Sda6mYUI
1052,BUY BITCOIN HOLD FOR 2 YEARS !!!!!!!!!!!!!!!!!!!!!!!!!!!!!!!!!!!!!!!!!,TrKRC7Y56uo
1053,"üö®üö® BITCOIN TO $270,000!!!! I HAVE PROOF !!!!!!",-8b5rgNPMEk
1054,"üî¥  I JUST DUMPED $600,000 INTO BITCOIN ON BYBIT !!!",fKWLZHg6m_I
1055,Longing THIS ALTCOIN Right Now !!!!,ph9AZ_25Vbw
1056,"PUMP!!! I JUST MADE $200,000 ON BITCOIN WHEN SLEEPING!!!!",ZxGFsMBDU6s
1057,HOW TO MAKE $700 PER DAY [TRADING STRATEGY],l3K6b8hDNx4
1058,"Bitcoin Is The Only Non-Political Money In The World, Says Carl Runefelt On FOX Business",3Wdx1dg4Z1Q
1059,"BITCOIN $130,000 IN 21 DAYS !!!",AphqhJsbfeI
1060,HOW TO MAKE 100X IN CRYPTO !!!,sFIN6ksnjhU
1061,ALERT: THIS IS HUGE !!!!!!!!!,uHErNSV6kr4
1062,BUY BITCOIN NOW!!!!,NOgQ_Nkm5fc
1063,MOST PROFITABLE Heikin Ashi Trading Strategy [Proven 100X],D8twJpur-F4
1064,How To Make $500 Per Day TRADING üí∞,murb5ga-56g
1065,Davinci is giving you the choice!,Io3JGs6vfz8
1066,BITCOIN DISASTER!!!!!!!!!!!!!!!!!!!!!!!!!!,3qO2sYQXxww
1067,How To Make 500x In Crypto (Beginners Tutorial),cGEev-dAWbo
1068,"THIS CRYPTO, BUY??",ZG-WRUUliFY
1069,Buying a Bugatti with Ethereum!!,2BdULfR8Z3c
1070,"HERE'S MY NEW $200,000 NFT PURCHASE! üëÄ",zuHzgxIPQXM
1071,BEST TIME TO BUY BITCOIN?,WwQ6crI7C1I
1072,üìà Simple Method To Make $100 A Day Trading Cryptocurrency As A Beginner | Trading Tutorial Guide,Js6PiRztPPM
1073,Highly Profitable RSI + Stochastic + MACD Trading Strategy ($1K TO $70K),moQRrgw02W4
1074,Big Mistake‚Ä¶‚Ä¶..,D-FgtQuacAM
1075,MASSIVE DANGER FOR BITCOIN HOLDERS!!!!!!!!!!! üö®,ejNZgvL_jFM
1076,The Only Heikin Ashi Scalping Strategy You Ever Need,7VBYH4jn3nM
1077,"Top 5 Ways To Make $10,000/Month With CRYPTO",qYVu8Vo4rOk
1078,HOW TO BECOME A MILLIONAIRE !!!,loIrj9ny6BY
1079,BITCOIN CME GAP!! BTC DUMP TO FILL?? | YouTube Purge & MMCrypto,O5SEv5aNqyg
1080,15 year old TRADER @Crypto-Kid,8G4s3TpMdho
1081,TUTORIAL: How To Make $20 Per Day PASSIVE INCOME,lBGLrUO8Lcg
1082,üö® POWELL SPEECH & BITCOIN PRICE LIVE!,ltmzSS_-rgk
1083,4 REASONS WHY BITCOIN IS PUMPING !!!,rlvaJk9LWt4
1084,WE DID IT!!! (as predicted),yeVHW9II7XI
1085,Three very important investment tips! #bitcoin #investment #crypto #btc,2UoHacXH6Dw
1086,SECRET: This Altcoin Will 8x VERY SOON !!!,cFeYLp1SGdQ
1087,Make $100 per day,Sx9p-INWZXg
1088,Bitcoin Is A Scam‚Ä¶‚Ä¶,UZpJIre_LOc
1089,PROOF: THE BOTTOM IS IN!!!,_WX2DPuH1qU
1090,The Bitcoin CUP & HANDLE Pattern Explained [...how to trade it],yw7EwXdxOJw
1091,FREE INDICATOR TO 10X YOUR CRYPTO ACCOUNT!!! [Beginners Guide...],R_kPFHfEuxY
1092,How To Make $100 PER HOUR ON BYBIT In 2024,YXhcTam96l4
1093,WE FOUND SOMETHING!!!!!!!!!,QzlTKBT8Dcs
1094,1 Minute Scalping Strategy **HIGHEST WIN RATE**,H2IcSLTUZl4
1095,Bear market Bugatti‚Ä¶.. üò≥,myXXAcKFFT0
1096,THIS IS THE SIGNAL TO GO LONG ON BITCOIN TODAY !!!!!!!!!!!!!!!!!,brwa8THZS08
1097,HUUUGE BITCOIN BREAKDOWN INCOMING!!!!!!!!!,2L9M1QkpiKE
1098,BITCOIN BULL MARKET ????,jCHN600rLHM
1099,BUY BITCOIN NOW!!!,TN3xyT45uqg
1100,Drink with style üëÄ,KAaJfYrAe1E
1101,#youtube #youtubers #youtuber #youtubechannel #subscribe #youtubevideos #youtubevideo #spotify #twit,kVapkBz6-6Q
1102,BUY BITCOIN TODAY !!!!!!!!!!,isIXBztaC_M
1103,HOW TO TRADE CRYPTO 200X ON WEEX - NO KYC,tVvuHQ1Xgyk
1104,"$270,000 Bitcoin",E6EXySY9jsY
1105,Bitcoin Price Prediction With Facts,THcyWIIjTVY
1106,HE MADE MILLIONS BY TRADING üöÄ @ThomasKralow,7VVwMYcal7s
1107,"How To Claim The $50,000 BYBIT DEPOSIT BONUS",WfQb-6Xz3YU
1108,Bitcoin is about to EXPLODE üöÄ,puozzI8Ix3o
1109,Bitcoin & cold storage,FqxEenlixy8
1110,THIS BITCOIN DUMP IS A TRAP!!!!!!!,m2QI8qurlH8
1111,BITCOIN can get BLACKLISTED,hUFYo2PSzPI
1112,BREAKING NEWS FROM THE PRESIDENT! BITCOIN PUMP!,uNkINxaqD4s
1113,"BREAKING, BAD NEWS FOR BITCOIN !!!!",ml2VV018afs
1114,DO NOT CLICK THIS VIDEO [Davinci is crazy...],0bJ0ZEHd6ho
1115,Bitcoin Halving,G34F2BJr_f0
1116,"THIS NEWS WILL SEND BITCOIN TO $150,000!!!!!!!!!!!!",xCB5ZO7XjxU
1117,BREAKING NEWS! HUGE BITCOIN PUUUMP!,D4NRQc773T0
1118,BITCOIN MASSIVE BULL RUN üìà,-_w9EnUfP50
1119,Bitcoin's Next Move,paql8fspnMs
1120,I Gave Up Dropshipping,EfZFBWboYVM
1121,BITCOIN BREAKING OUT!!!!!,vVEOOnkRz6U
1122,üö® THIS IS MASSIVE!!!!! AMERICA IS BUYING NOW!!!!!!,V88YBxuiSDY
1123,100X THE PORTFOLIO WITH CRYPTO GAMING [Medieval Empires review],49NmPjCIliA
1124,BECOME A MILLIONAIRE With My Trading STRATEGY,NZyU0bxXBok
1125,Bitcoin Gearing Up,eytkfRa73Aw
1126,TRUMP JUST CHANGED EVERYTHING!!! HUUUGE PUMP!!!,LIH-Lokjb-Y
1127,Chatting with CZ üåôüé•,2pFtHClhxVM
1128,SECRET STRATEGY To 100x Your Money [...Avoid False Breakouts],DO3k0Kwetjk
1129,MAKE $100 PER DAY ON BYBIT !!! (secret method),Y7HfPgT8ED0
1130,Teaching my little brother some maths,lTPam3RVMOk
1131,BITCOIN TRADERS: I HAVE BAD NEWS,LHCzlm2yQNw
1132,Davinci‚Äôs 50x hidden gem!!!,mlDtx9-OE_A
1133,Bitcoin going UP üöÄ,meltDcVXKGc
1134,MASSIVE PUMP COMING NOW !!!!!!! [...time to go LONG],atvlnDXsCL8
1135,Nobody did this before‚Ä¶,7wtYTsrtpPY
1136,OMG THIS IS BULLISH @Crypto-Kid,z8P_ooF2kvo
1137,$2400 Ethereum,-u8fkKsuG7Q
1138,üö®Bitcoin is falling,PjvfNYOLV7Y
1139,My Cheapest Bitcoin,CzBzhcbgz5g
1140,HUUUGE BITCOIN BREAKOUT IN 48 HOURS!!!!!,PurEweF-xt0
1141,Putting All My Money Into Bitcoin,PUQVrkwsIWQ
1142,One Bitcoin Only,3wI2grIzim0
1143,Bitcoin To $40K (PROOF),HsUDr8CVRCI
1144,He robbed my watch?!????,L3Fo8ydTurY
1145,BAD NEWS FOR THE BITCOIN PRICE!,UO2BmiVD-aY
1146,I Don't Prefer On-Chain Analysis,-fcfz5qdhEI
1147,BREAKING NEWS FROM THE PRESIDENT! BITCOIN PUMP!,uNkINxaqD4s
1148,"BREAKING, BAD NEWS FOR BITCOIN !!!!",ml2VV018afs
1149,DO NOT CLICK THIS VIDEO [Davinci is crazy...],0bJ0ZEHd6ho
1150,Bitcoin Halving,G34F2BJr_f0
1151,"THIS NEWS WILL SEND BITCOIN TO $150,000!!!!!!!!!!!!",xCB5ZO7XjxU
1152,BREAKING NEWS! HUGE BITCOIN PUUUMP!,D4NRQc773T0
1153,BITCOIN MASSIVE BULL RUN üìà,-_w9EnUfP50
1154,Bitcoin's Next Move,paql8fspnMs
1155,I Gave Up Dropshipping,EfZFBWboYVM
1156,BITCOIN BREAKING OUT!!!!!,vVEOOnkRz6U
1157,üö® THIS IS MASSIVE!!!!! AMERICA IS BUYING NOW!!!!!!,V88YBxuiSDY
1158,100X THE PORTFOLIO WITH CRYPTO GAMING [Medieval Empires review],49NmPjCIliA
1159,‚ÄúBored & Hungry‚Äù is the first Bored Ape Yacht Club Restaurant!üçîüçü #boredapeyachtclub #nft #boredape,FyjdYTCqc1w
1160,BECOME A MILLIONAIRE With My Trading STRATEGY,NZyU0bxXBok
1161,BIG BUY SIGNAL FOR BITCOIN,L5OV4fLdLL4
1162,Bitcoin Gearing Up,eytkfRa73Aw
1163,TRUMP JUST CHANGED EVERYTHING!!! HUUUGE PUMP!!!,LIH-Lokjb-Y
1164,Chatting with CZ üåôüé•,2pFtHClhxVM
1165,SECRET STRATEGY To 100x Your Money [...Avoid False Breakouts],DO3k0Kwetjk
1166,MAKE $100 PER DAY ON BYBIT !!! (secret method),Y7HfPgT8ED0
1167,Teaching my little brother some maths,lTPam3RVMOk
1168,BITCOIN TRADERS: I HAVE BAD NEWS,LHCzlm2yQNw
1169,Davinci‚Äôs 50x hidden gem!!!,mlDtx9-OE_A
1170,Bitcoin going UP üöÄ,meltDcVXKGc
1171,MASSIVE PUMP COMING NOW !!!!!!! [...time to go LONG],atvlnDXsCL8
1172,Nobody did this before‚Ä¶,7wtYTsrtpPY
1173,Who is Right? üëÄ,_vbAaX5BC0U
1174,OMG THIS IS BULLISH @Crypto-Kid,z8P_ooF2kvo
1175,How I Discovered Bitcoin,mUtxGMBhkkw
1176,$2400 Ethereum,-u8fkKsuG7Q
1177,üö®Bitcoin is falling,PjvfNYOLV7Y
1178,My Cheapest Bitcoin,CzBzhcbgz5g
1179,HUUUGE BITCOIN BREAKOUT IN 48 HOURS!!!!!,PurEweF-xt0
1180,"How to be rich, with @davincij15 & @Crypto-Kid",NrwnJOHE2s4
1181,Putting All My Money Into Bitcoin,PUQVrkwsIWQ
1182,CZ BINANCE ‚úåÔ∏èüòÅ,6xRS5whbXVw
1183,One Bitcoin Only,3wI2grIzim0
1184,Bitcoin To $40K (PROOF),HsUDr8CVRCI
1185,He robbed my watch?!????,L3Fo8ydTurY
1186,"TRADING TUTORIAL: Make $1,000,000 From THIS Pattern [...step by step]",RCs3k1uGoYw
1187,BAD NEWS FOR THE BITCOIN PRICE!,UO2BmiVD-aY
1188,DOGECOIN: Currency Of The Earth!,MjcxfC6UbGw
1189,HE IS LAUGHING ALL THE TIME üåô,XQ2liyyyTB8
1190,I Don't Prefer On-Chain Analysis,-fcfz5qdhEI
1191,Make $30-$200/Day with CRYPTO by Watching Youtube Videos | XCAD Review,2d4LZKR5pFE
1192,He bought Bitcoin at $1!!!,roFfb5O-B18
1193,$USDC üìâ,T9Y2fnhMj0c
1194,HODL,_nu-d6mAXfo
1195,BITCOIN TO THE MOON üåô,VK4fG2AezOE
1196,BITCOIN DUMP!!!!!!! BUY THE DIP NOW!!!!!,foDsKsyRBaA
1197,10 streams of income,EjadAsh3uz8
1198,Use the Law Of Attraction to create your life!,bw-CZE_TIQY
1199,BITCOIN BREAKING OUT !!! üöÄ,qJzqrTYt4AI
1200,WATCH THIS VIDEO!!!,lr3LSpB-kDc
1201,GO TO THE MOON üåô,2WxVEsp-xgg
1202,$20.5K Bitcoin??? ‚òπÔ∏è,au-JyGceWns
1203,WHEN I JUMPED INTO #CRYPTO,xX47mfH0ruw
1204,WILL #MEMECOINS KEEP PUMPING?,zBrBpAukqdI
1205,WARNING: #Bitcoin Pre Halving Pump‚Ä¶,9P2_ZEHVs64
1206,Viral shoes on instagram üöÄ,mBwu52e3X_k
1207,$34K Bitcoin Price Target,gXzZmGv-5s8
1208,#Bitcoin will trigger history's biggest wealth transfer!,wcu2JgmUt8A
1209,Christian Horner likes my face on the Formula car üòÖ,iXpAokBX3_I
1210,Carl Moon and his little brother 2008,kfFnfkeSERg
1211,"URGENT, BITCOIN BREAKOUT IN 24 HOURS !!!",b3vGKClvN1k
1212,Bitcoin Bearish Divergence,LvZCO0axb6k
1213,Bearish Divergence üìâ,1XCo-oyr0K4
1214,BITCOIN,7Zrz86Pl8l4
1215,The FINAL Bitcoin Pump is Starting! [BUCKLE-UP],64km1s3LYwA
1216,WE ARE #BITCOIN VETERANS!,VZ4K7gWTMvs
1217,VERY Profitable Trading Strategy For *HUGE GAINS ON BYBIT*,8P87V4UdaU0
1218,Bitcoin Bullish Reversal Pattern,zvh8YUl2qMc
1219,MINDSET IS EVERYTHING!!!,F9cHgjhljPE
1220,$30K Bitcoin Soon! üìà,VnBz3SYnwYg
1221,"IT'S STARTING: EXPECT $102,000 BITCOIN SOON!",C8dJ-F6xJiY
1222,Bitcoin Golden Cross confirmed,Vu2kkkRNUPg
1223,US Is Bankrupt,_mvHLhl1EXs
1224,Bitcoin above $25k will be very BULLISH,UZRveeqeq1c
1225,Bitcoin new ALL-TIME HIGH after ETF approval??,WqtrTFJDuR4
1226,$40k-$50k In Next 2 Months,wTlYTNIwl3E
1227,Bullish Bitcoin price development (proof),nq5pt_xZ0LI
1228,THIS BITCOIN DUMP IS A TRAP!!!!! [DON'T BE FOOLED],JPJkmrG3UFA
1229,LIVE TV: Bitcoin BEST form of money!,m1UeFRJrvW8
1230,I lost millions‚Ä¶,lTvwlBFPDVc
1231,Strongest Buy Signal,L7uZ1j8Aa_s
1232,TO THE MOON üåô,qeP_rhVX-Os
1233,Binance is getting sued,YaF3hUZHD6E
1234,Viral Clip about Bitcoin,gWsjBHqKwZk
1235,TOP 5 CRYPTO GAMES To Buy Before The Next BULL RUN !!!,Hyth3rX4vNg
1236,This Is Why I Chose Bitcoin!,3S7hWbShEps
1237,Bitcoin to $24K,4VVUX_MmHqg
1238,Bitcoin Bullish Reversal Pattern,J-HFtECM4KE
1239,$31.5K Bitcoin Target,oJ923mpvqCQ
1240,BITCOIN vs GOLD !!!,cxvoWL61Utk
1241,#Bitcoin is the best form of money in the world!!,GgbLu-lXSqE
1242,$25K Bitcoin Soon?,ivx64dmrPs0
1243,BITCOIN HALVING & BOTTOM,jbcN9PnK6OE
1244,TO THE MOON üåô #Formula2,Q6RFICsvJPQ
1245,Top 10 Cryptocurrencies in five years!!,Vkicf5szO84
1246,Bitcoin Bearish Divergence,DGkd4Q-_HNk
1247,"Bitcoin Breaks Record All Time High ($110,000) - Next Stop: $600,000",P6JIsWO6rxI
1248,Bitcoin‚Äôs Big Dip: What Caused It and Why It‚Äôs a Buy,lXi38WzXJcY
1249,"Bitcoin‚Äôs Next Stop...$130,000 and Beyond",FADYSsjwsf8
1250,Bond Market Meltdown: Bitcoin‚Äôs Ultimate Bull Catalyst,BctmtFWMkig
1251,Bitcoin Investors...Get Ready For An Explosive Week,-ITdTIg5oVo
1252,Why Bitcoin is So Strong | New ATH Coming,8j87reuOXfs
1253,Guess Who is Buying $2.5B of Bitcoin | Bull Run Continues,hQO1Iyk0LoU
1254,What Bitcoin Does Next Will Shock You,dyjI-ZaxyAs
1255,The Great Bitcoin Debate is On | Bitcoin Conference Day 1,VzWBd105x08
