Method,Keywords,yt_video_title,video_id
LSA,bitcoin crypto news break dump btc bitcoin crypto happen sell bad,"BITCOIN DUMP JUST GOT WORSE (Final Warning)!!! Bitcoin News Today, Ethereum, Solana, XRP & Chainlink",k3qjAN6HfGE
LSA,,"BITCOIN: It‚Äôs Happening Again! (bad news) - BTC, XRP Price Prediction Today",P0oOXMvGYGI
LSA,crypto week market crash crypto market blockchain big trump invest week crypto,Trump‚Äôs Tariffs Crash Markets & Wall Street Goes Crypto | Bitcoin.com Weekly Update,u1qtRt7UPKE
LSA,,"Wildest Week: BTC Danger, OTC, Monster Short, & Humanoid Invasion!",xTxCzg0aJ0U
LSA,explain programmer programmer explain ethereum bitcoin blockchain hack ethereum programmer eos happen,Programmer explains blockchain | Ethereum vs Bitcoin blockchain,Egp8wNvu6k8
LSA,,Ethereum Virtual Machine (EVM) | Part - 35 | Blockchain Full Course | Code Eater | English,MqBA76bjCQA
LSA,buy buy bitcoin bitcoin million token altcoin right coin rich crypto buy,BITCOIN: $200M Short Squeeze Coming! (soon) - BTC Price Prediction Today,kLO4R-FtFJc
LSA,bull run bull run crypto bull bitcoin bull bull market market crypto bitcoin altcoin,The Bitcoin Bull Run Hasn't Even Begun (Crazy Theory),eXvz-y5Y8gw
LSA,,BITCOIN Finds New Floor. ALTCOIN Bull Market *CLOSER Than You Think.,ucUQSoL8R30
LSA,altcoin cardano stimulus check stimulus check month gain altcoin season bitcoin altcoin season,Best Crypto Coins to Buy & Hold Under $1 (my ‚Äòmoonshot‚Äô picks),B4UOC8-O1kA
LSA,,Bitcoin Price ALERT: Crash Coming or Massive Rally?,u27wzfTmG3c
LSA,ethereum price bitcoin price prediction price prediction bitcoin moon icos ethereum icos ethereum price,ETH Price Prediction 2025: Is $10K Ethereum Possible?,3OMQwXBhajc
LSA,,Bitcoin and Ethereum Price Prediction For 2023 - Crypto Market Trading Analytic - What's Next?,Gv6etC7pubI
LSA,coin crypto coin urgent alt millionaire chance crypto alt coin pump change,LAST CHANCE to Become a Millionaire with Cryptocurrency in 2025?! (My Top 5 Coins),bgjaXm15neU
LSA,,Bittensor: The Next Bitcoin? TAO Price Prediction REVEALED!,qEOhFiWW0gM
LSA,trading money stockmarket stock beginner market invest day strategy deeptalk,Investing for Beginners - How I Make Millions from Stocks (Full Guide),8Ij7A1VCB7I
LSA,,Investing 101: A Beginner's Guide | Nikhil Kamath | TEDxBITSHyderabad,mLeBa1BCEa8
LDA,bitcoin market crypto stock trump explain crash invest explode wadhwa,Elon & Trump's Feud Is Crashing Crypto?!,yUOe9y8cYm8
LDA,,Bitcoin rebounds after Trump and Musk's online feud weighs on crypto prices: CNBC Crypto World,UVOVo7TMqbo
LDA,crypto bitcoin coin bull run explain market buy guide programmer,The Greatest Bitcoin Explanation of ALL TIME (in Under 10 Minutes),5JDrK7sP3gA
LDA,,What is Cryptocurrency and How Does it Work?,Zoz9gvhLgpM
LDA,bitcoin crypto ledger explain global cap safe millionaire fed bonus,Best Metal Seed Phrase Storage Comparison (Cheap VS Expensive),Gi0TRyVqHG8
LDA,,5 Things NO ONE KNOWS About Hardware Wallets,SXmM7MvqjB0
LDA,crypto step wallet beginner bitcoin guide card watch trade defi,Crypto Wallets Explained! (Beginners' Guide!) üì≤ üîë (2024 Edition!) ‚≠ê‚≠ê‚≠ê‚≠ê‚≠ê Full Step-by-Step! üòé,w-HDzwS52J0
LDA,,How to Invest for Beginners in 2025,Ay4fmZdZqJE
LDA,bitcoin crypto explain ethereum programmer news week btc break blockchain,"BITCOIN HOLDERS MUST WATCH (New Target)!!!! - Bitcoin News Today, Ethereum, Solana, XRP & Chainlink",Awg9UYLO0lw
LDA,,"BITCOIN & ALTCOINS FLIPPED? (It's a TRAP)!!! - Bitcoin News Today, Ethereum, Solana, XRP & Chainlink",1OQNcQyYJE4
LDA,bitcoin crypto trading strategy million stockmarket crash day option dump,Top #5 YouTuber Live Trading Losses with Reactions!,Hf2Foss8iXQ
LDA,,This GOLD Trading Strategy makes me $1000 a day,AY7fWmE1CBk
LDA,bitcoin crypto news explain price ethereum blockchain bullish altcoin market,If you hold Ethereum‚Ä¶ GET READY! ETH will make MILLIONAIRES in 2025 (Here is How),8m0uAURAWtw
LDA,,"Pi Network/Coin Price Prediction + Bitcoin & Ethereum Price Prediction ""Next Target""",1ox8guMiaUU
LDA,bitcoin crypto buy altcoin price prediction know happen right need,BITCOIN & ALTCOIN HOLDERS: I AM TAKING URGENT ACTION RIGHT NOW,47Vae23AFX4
LDA,,Bitcoin is going to hit *THIS PRICE* Before 2025 Ends | Crypto Expert Explains,KegMdpRXRpk
NMF,crypto week news week crypto crash market crypto news crypto market,"This Week in Crypto: Market Crash, Manipulation & More!",aT724-ELO60
NMF,,NEXT WEEK PREPARATION! XRP & Update + TOP Altcoinsüö® (Crypto Market Update),9cEL_EqHxXk
NMF,explain programmer programmer explain ethereum programmer blockchain crash github happen,What is happening to Ethereum? - Github - Programmer explains,c1-bJ5N_qVg
NMF,,From Zero to Blockchain Developer in 10 Months: Complete Roadmap,gdiao7L9GjE
NMF,bull run bull run crypto bull market bull market bitcoin bull million,how to survive & actually make millions in the next crypto bull run,m_Bus4bRlxQ
NMF,altcoin bitcoin altcoin season altcoin season soon gain cardano right,Why Altcoins Could See A Big Altseason [Crypto Market Price Predictions],J2APONsvzpU
NMF,,ALTCOIN SEASON SOON! Top 10 Crypto Price Predictions,NaGX3dzMIQM
NMF,ethereum price bitcoin price prediction price prediction bitcoin ethereum ethereum price icos,BITCOIN: Get Ready for the Breakout! (soon) - BTC Price Prediction Today,0DgQwRdNHS8
NMF,coin crypto coin chance urgent alt alt coin tiny meme,How I got RICH with Memecoins in Just 7 days?! Ali Solanki,XyUHtas0zGY
NMF,trading money strategy stockmarket stock beginner trading strategy guide,"
The Only Trading Strategy You'll Ever Need",e-QmGJU1XYc
NMF,,You'll Never Look at Scalping the Same Way Again.,G1AR47w-zD8
YAKE,programmer explain bitcoin,But how does bitcoin actually work?,bBC-nXj3Ng4
YAKE,,Bitcoin explained and made simple,s4g1XFU8Gto
YAKE,week crypto bitcoin,BREAKING: LEGENDARY BITCOIN BLUE DOT JUST FLASHED‚Äì THIS HAPPENS NEXT,-yKtYEIm3CQ
YAKE,,Cryptocurrencies II: Last Week Tonight with John Oliver (HBO),o7zazuy_UfI
YAKE,programmer explain crypto,Blockchain In 7 Minutes | What Is Blockchain | Blockchain Explained|How Blockchain Works|Simplilearn,yubzJw0uiE4
YAKE,,How does a blockchain work - Simply Explained,SSo_EIwHSd4
YAKE,crypto bull run,Cathie Wood - The Bull Run For The Crypto Market Is About To Begin!,rzKDjYBeffI
YAKE,,Biggest Meme Coin Bull Run EVER Coming in 2025? This One Might Explode! üöÄ,JK42pWG7cy4
YAKE,crypto market analysis,WILL ALTCOINS RALLY OR DUMP NOW?üö® (Crypto Market Analysis),2hHRwc_p5XU
YAKE,,How the Crypto Market REALLY Works (A Must-Watch Guide!),G0ZFhsTy8PE
YAKE,bitcoin ethereum crypto,Billionaire Michael Saylor Explains The Difference Between Bitcoin And Ethereum,3VgrmNZ40qI
YAKE,,Ethereum vs. Bitcoin: What's the Difference?,owFY_z5fF-Y
YAKE,crypto crypto market,What If Crypto Bull Market Will Last For 3 Years?,oGGnB9DOBMc
YAKE,,‚ö†Ô∏è Why Is Crypto Market Falling Today?! (Sell-Off Explained),J6NjLePt7bY
YAKE,week crypto crypto,"CARDANO ADA - TO BECOME ""TOP 5 CRYPTO""?!! SURPRISE VOTE THIS WEEK?",NgHe8CjTep8